1.26944,9.38171,16.141,0,0,2.81077,0,0
2.81183,0.392453,2.55886,0.048102,0.538706,2.99568,0.00011,695
4.35085,0.32499,2.09481,0.041792,0.511995,3.24513,0.000128,790
5.97369,0.4305,2.50573,0.043213,0.577191,3.46537,0.000127,872
7.48013,0.343338,2.19045,0.053612,0.493469,3.69455,0.000147,971
9.12449,0.570494,2.91206,0.049278,0.570515,4.04806,0.00011,1046
10.6394,0.465763,3.34504,0.042009,0.634729,4.47342,0.000112,1135
12.1945,0.393294,2.9876,0.043593,0.695144,6.52815,0.009647,1235
13.7936,0.450676,3.02538,0.051438,0.68612,5.08234,0.000139,1318
15.3707,0.467166,3.05613,0.053629,0.688385,5.7225,0.000122,1416
17.0889,0.741751,3.66243,0.047094,0.901967,6.33876,0.000126,1508
18.6859,0.419907,2.96723,0.068902,0.777583,6.7474,0.000165,1601
20.3665,0.819368,5.20497,0.053565,0.678774,7.46773,0.000155,1685
22.0884,0.637376,4.27743,0.047281,0.945969,8.48246,0.000127,1817
23.7663,0.786565,4.87928,0.052611,0.919102,10.7302,0.000128,1910
25.5904,0.667549,5.11623,0.360522,0.853965,19.6684,0.000128,2034
27.4293,0.651237,6.36568,0.092522,0.955165,19.8182,0.000127,2137
30.1074,0.878738,6.95314,0.09044,0.960187,19.8265,0.000186,2236
32.9571,0.926247,7.13338,0.061382,1.27531,10.2413,0.000182,2350
35.6163,0.888562,5.65509,0.041318,1.0306,11.2285,0.000128,2495
38.0868,0.970694,6.7786,0.050497,1.04275,11.4136,0.000209,2605
40.5661,1.01333,7.36674,0.048088,1.23191,12.6798,0.000158,2729
43.0035,0.83327,6.40411,0.045247,1.30129,13.5493,0.000122,2879
45.7256,0.618547,5.83787,0.047753,1.25843,14.0679,0.000133,2987
48.2808,1.19735,8.57594,0.053171,1.18404,15.8988,0.000144,3090
51.0254,0.935971,7.03982,0.053195,1.50375,17.0447,0.000221,3240
53.4842,0.644672,6.44524,0.052137,1.30574,18.8953,0.000176,3350
56.0551,0.6788,7.35836,0.052817,1.4861,21.9347,0.00018,3465
59.1893,0.693782,7.66382,0.0626,1.46763,65.1542,0.000167,3577
61.9695,0.617778,8.67833,0.102417,1.41791,66.6241,0.000148,3690
65.1531,0.991515,8.95442,0.096189,1.77941,30.728,0.000206,3785
67.6659,0.62908,7.83509,0.054152,1.49568,32.2802,0.000144,3903
70.2405,0.616769,7.26821,0.054598,1.51882,33.1144,0.000257,4021
72.7976,0.585297,7.37397,0.050993,1.64016,34.9525,0.000202,4118
75.9065,0.842384,9.31029,0.055745,1.67757,37.5009,0.000191,4217
78.6487,0.62822,7.88064,0.059594,1.63176,39.8707,0.000199,4337
81.9549,0.834998,9.87072,0.057413,1.58106,75.2034,0.000164,4455
84.9685,0.656443,9.93278,0.088508,1.65758,84.3983,0.000195,4561
88.0803,1.04981,11.7213,0.072944,2.40233,42.4575,0.00018,4678
90.8212,0.686659,8.90048,0.056657,1.6888,43.91,0.000169,4808
93.8306,0.846564,10.4183,0.054473,1.88428,46.969,0.000186,4909
96.6934,0.590814,8.61189,0.060787,1.68886,50.8483,0.000175,5025
99.6718,1.07387,12.3276,0.061192,1.7393,54.6439,0.000238,5128
102.531,0.686064,9.88734,0.079223,1.61044,105.233,0.000176,5261
105.898,0.829126,12.9416,0.096099,1.91402,58.807,0.000227,5371
2.89072,0.754046,10.5892,0.039028,1.65877,56.3707,0.000269,5482
6.24235,0.614064,9.243,0.072682,1.92054,60.6573,0.000171,5593
9.49104,0.647272,10.7072,0.183161,1.77562,66.3816,0.000242,5691
12.7969,1.21414,15.2809,0.060467,1.84978,106.905,0.000176,5793
3.09118,0.494059,10.0806,0.095869,2.05429,100.868,0.00018,5943
6.36979,0.884861,12.0818,0.069763,1.9691,68.9704,0.000314,6029
9.78902,0.871521,12.924,0.07468,2.282,69.6268,0.000186,6150
12.9232,0.665518,9.68281,0.060557,2.35047,71.9226,0.000205,6277
15.985,0.635843,10.3946,0.052086,1.9282,114.056,0.000219,6362
19.4501,0.816468,14.9236,0.104846,2.17637,82.5932,0.000194,6464
22.8264,0.777959,12.3252,0.067752,2.1867,77.8864,0.000222,6581
26.2225,0.824876,12.4487,0.070274,2.27714,76.9495,0.00022,6690
29.4641,0.777138,12.2438,0.060058,2.20295,81.8793,0.000188,6800
32.504,0.586627,12.1817,0.044611,1.92492,157.536,0.000217,6914
35.8488,0.535207,11.2061,0.070005,2.65277,84.1684,0.000316,7021
39.3515,0.972705,15.1422,0.065443,2.1558,87.4671,0.000217,7126
42.5364,0.600109,11.2648,0.039786,2.59989,88.6902,0.000194,7243
3.46321,0.559056,11.6712,0.049523,2.26819,170.575,0.000274,7338
7.1116,1.01704,18.0279,0.106371,2.52693,92.0001,0.000344,7449
10.5669,0.68386,12.4919,0.046263,2.46234,99.5489,0.000266,7550
14.0649,0.593929,12.265,0.04632,2.54356,113.59,0.00021,7649
17.8727,0.68111,12.8508,0.056097,2.6313,175.657,0.000211,7753
21.6038,0.839917,15.5666,0.043468,2.51171,108.752,0.00032,7873
25.3916,0.748978,15.2486,0.049619,2.59736,116.871,0.000236,7983
29.265,0.606583,14.0435,0.052817,2.51841,180.605,0.000238,8107
33.0846,0.888567,16.4314,0.116185,2.64571,118.274,0.000218,8208
36.8848,0.79142,16.7504,0.046411,2.57327,124.011,0.000293,8331
3.69149,0.966965,17.5918,0.050024,2.53413,188.952,0.000225,8447
7.43681,0.618604,15.2235,0.114123,2.71748,128.794,0.000253,8575
11.9676,0.733008,15.7267,0.047702,2.63329,126.223,0.000236,8670
15.6186,1.02644,18.8224,0.048725,2.82027,207.162,0.000235,8792
19.3369,0.973023,19.2571,0.128462,2.84217,127.814,0.000382,8912
23.1181,0.777743,17.6509,0.048042,2.92431,132.45,0.00036,9031
26.9814,0.663102,15.9107,0.369214,2.83664,246.619,0.000327,9149
30.9183,0.776696,16.3783,0.101708,3.05179,143.115,0.000357,9239
34.9155,0.799871,17.0781,0.050031,2.87737,163.051,0.000288,9350
38.9117,0.612316,15.453,0.052721,3.51518,248.04,0.000288,9466
43.2818,0.71816,15.9911,0.047107,3.20401,154.4,0.000292,9562
47.7402,0.763343,17.2832,0.054975,3.17163,166.457,0.000287,9671
3.53714,0.789715,17.1032,0.092493,2.7118,198.791,0.000262,9782
7.89681,0.880899,19.9271,0.055376,3.09886,173.173,0.000301,9912
12.0891,0.863174,17.7674,0.137019,3.16476,260.833,0.000308,10020
16.3192,0.961402,18.842,0.115414,3.44697,177.741,0.000579,10146
20.3665,0.9919,19.7084,0.055707,3.30601,165.112,0.000322,10245
24.7354,0.765737,18.3408,0.055085,3.10911,263.055,0.0003,10350
28.9987,0.993508,20.3324,0.053911,3.43346,173.159,0.000275,10473
33.2244,0.84678,19.9521,0.048199,3.33013,212.699,0.000329,10586
37.9792,1.00348,20.5712,0.107917,3.42605,181.833,0.000389,10701
42.3868,0.752101,18.8089,0.052426,3.21113,184.888,0.00045,10816
47.1071,0.663405,17.845,0.049573,3.27425,344.964,0.000342,10926
51.2914,0.860291,21.6294,0.053943,3.45334,227.929,86.5786,10326
55.0969,1.06305,20.3584,0.10221,2.56543,228.584,5.91964,10360
59.5381,1.00128,20.1913,0.051462,3.04897,265.931,4.96063,10391
64.033,0.833029,17.5753,0.053659,3.30181,220.358,6.19931,10422
69.2332,0.790473,20.187,0.05175,3.17402,287.557,5.97746,10439
74.4015,0.723868,17.8686,0.049082,3.44833,219.868,6.71951,10468
78.9508,0.72058,18.2952,0.050546,3.28713,299.592,7.16847,10472
83.3134,0.862234,19.1301,0.052422,3.26838,224.444,6.16179,10499
87.8911,0.86398,20.3203,0.047403,3.11613,299.337,6.13791,10522
93.0834,0.882665,18.8478,0.051443,3.35924,228.821,6.79222,10567
97.5768,0.926124,19.5268,0.05817,3.27528,313.198,9.00417,10586
102.397,0.631278,16.0064,0.051185,3.2975,227.533,5.9719,10607
106.948,0.716362,16.126,0.045945,3.12875,300.684,10.2453,10589
111.707,0.72367,17.4586,0.049053,3.36039,229.082,7.91564,10600
116.85,0.762617,19.7331,0.050235,3.35728,308.776,9.83926,10584
120.806,0.839988,18.7802,0.067836,3.23481,231.368,9.55913,10601
125.043,0.7999,20.2561,0.05125,3.25697,305.712,8.70334,10598
129.958,0.983394,21.0587,0.04863,3.2714,228.924,10.2708,10607
6.02863,1.08482,24.2484,0.102157,3.55266,451.321,10.173,10607
4.9273,1.11649,23.1873,0.095785,3.43576,246.438,11.2458,10601
1.28314,9.28651,16.8808,0,0,6.6037,0,0
2.93425,0.268233,2.93771,0.090252,0.401954,7.04535,0.000109,689
4.60111,0.164768,1.82354,0.08504,0.472949,8.3432,0.000139,763
6.2856,0.179646,2.01335,0.09041,0.493084,8.40203,0.000187,802
7.97313,0.134292,1.57039,0.087974,0.505813,8.81339,0.000148,849
9.65522,0.316482,1.98091,0.087548,0.499892,9.36882,0.000115,883
11.3476,0.172924,1.68778,0.091524,0.524776,10.0627,0.000136,938
13.0568,0.148705,1.66381,0.093787,0.534343,9.6263,0.000129,980
14.7478,0.17838,2.00417,0.082866,0.520863,15.1236,0.000126,1014
16.4558,0.15174,1.50247,0.089999,0.56184,10.8924,0.000134,1052
18.2456,0.506952,3.02863,0.087699,0.581888,11.4177,9.9e-05,1097
19.9699,0.199009,1.9616,0.096958,0.577327,11.7801,0.000128,1161
21.6898,0.228578,2.29977,0.095122,0.607085,21.7743,0.000114,1195
23.442,0.280323,2.39282,0.085204,0.605836,23.5535,0.000116,1260
25.2072,0.350038,2.91403,0.114138,0.59949,12.8578,0.000121,1293
26.9686,0.33055,2.2953,0.08608,0.637529,13.5281,0.00013,1356
28.8055,0.318024,2.19559,0.08699,0.644852,12.4166,0.000131,1410
30.583,0.568962,2.98742,0.084686,0.671798,12.952,0.000133,1458
32.358,0.327476,2.76074,0.090858,0.668123,23.3343,0.000134,1522
34.1622,0.370183,2.70048,0.095444,0.706812,14.0019,0.000158,1573
35.9179,0.623931,2.59401,0.097951,0.758,9.33743,0.000159,1634
37.7461,0.599371,2.89943,0.049982,0.870392,6.35701,0.000161,1699
39.4802,0.383135,1.88951,0.052952,0.820512,6.38572,0.000134,1768
41.2586,0.322175,1.88002,0.045922,0.861983,9.55086,0.000126,1811
43.1233,0.406668,2.07856,0.040799,0.757944,6.68152,0.00014,1853
44.8186,0.463405,2.23693,0.052502,0.863307,7.19498,0.000181,1905
46.6018,0.28712,1.8929,0.043985,0.865236,7.4557,0.000142,1957
48.4265,0.261232,1.76463,0.070624,0.888986,7.18046,0.000143,2004
50.1909,0.35894,2.14448,0.039158,1.02574,7.44782,0.000153,2048
52.0582,0.337067,2.26826,0.045335,1.03412,7.93975,0.000136,2099
53.9047,0.504139,2.22289,0.055665,1.01175,7.60885,0.000154,2143
55.8625,0.213527,1.54764,0.043081,1.02087,8.20048,0.000146,2199
57.8003,0.321429,2.25924,0.049155,1.07192,8.00569,0.000151,2237
59.6176,0.280754,1.89725,0.04224,0.995658,8.31529,0.000221,2296
61.3895,0.50408,2.71687,0.051563,0.963486,8.75912,0.000136,2335
63.1782,0.401202,2.46483,0.045567,1.05446,9.05834,0.000186,2380
65.1437,0.306201,2.43714,0.059016,1.02136,10.0791,0.000144,2441
67.0131,0.35472,2.54539,0.060392,1.00492,9.59827,0.000146,2483
69.0044,0.508841,3.46534,0.051637,1.03725,9.97434,0.000142,2531
70.8835,0.27393,2.31191,0.048489,1.13419,10.964,0.000137,2594
72.7349,0.566187,3.2576,0.061598,1.29979,11.7407,0.000154,2640
74.7501,0.256961,1.99203,0.05189,1.02448,11.6546,0.00016,2699
76.7243,0.484723,2.91638,0.049748,1.17384,13.8364,0.000162,2742
78.664,0.351497,2.586,0.051758,1.05462,14.9424,0.000168,2800
80.6677,0.295601,2.86859,0.107114,1.13474,26.561,0.000146,2857
82.6955,0.314311,3.18056,0.0942,1.1208,27.1942,0.000156,2904
84.7489,0.414251,3.48876,0.093599,1.1608,17.7609,0.000159,2961
87.1486,0.29485,2.51276,0.067644,1.26087,12,0.000218,3016
89.362,0.421237,3.0885,0.048981,1.12371,12.8501,0.000219,3056
91.5667,0.323807,2.83836,0.048946,1.24256,13.1062,0.000243,3113
94.0817,0.623787,3.58332,0.050687,1.18938,13.7944,0.000153,3162
96.5135,0.530722,3.27042,0.052012,1.3421,14.2393,0.000149,3221
98.9017,0.464634,3.86018,0.050181,1.23102,14.4269,0.000153,3291
101.083,0.230315,2.50405,0.043129,1.33331,14.4379,0.000151,3350
103.588,0.267446,2.65393,0.048477,1.19883,15.2517,0.000189,3396
105.827,0.354592,3.28997,0.05627,1.42584,15.8814,0.000229,3439
108.122,0.367683,3.26816,0.051678,1.31977,16.1906,0.000156,3487
110.675,0.404793,3.62403,0.051843,1.33432,16.1548,0.000162,3539
113.072,0.353389,3.17961,0.047611,1.32586,16.9297,0.000177,3585
115.318,0.236623,2.81357,0.148642,1.36867,26.9733,0.000234,3639
117.549,0.4712,3.36827,0.052305,1.51866,27.627,0.000236,3687
119.873,0.247883,2.49739,0.048706,1.5268,29.1061,0.00019,3734
122.089,0.291128,3.61068,0.071294,1.17053,69.3295,0.000162,3776
124.67,0.320103,3.83219,0.09396,1.41483,63.5235,0.000154,3833
127.64,0.44833,3.719,0.078758,1.42241,29.0515,0.000163,3886
130.574,0.373111,3.59021,0.054582,1.49092,30.0518,0.000177,3936
132.985,0.459405,3.91974,0.064191,1.45583,30.0608,0.000173,3989
135.502,0.404113,3.52007,0.051651,1.44706,31.0427,0.00015,4049
137.838,0.454079,4.20572,0.058941,1.49632,31.8829,0.000152,4093
140.216,0.209914,2.54911,0.072258,1.52076,33.792,0.000154,4151
143.048,0.592583,4.33609,0.058265,1.63943,34.2037,0.00023,4186
145.585,0.324716,3.14327,0.050865,1.68211,36.8073,0.000168,4248
147.938,0.306639,3.11438,0.08101,1.47323,36.315,0.000318,4293
150.493,0.191126,2.57284,0.054831,1.83882,38.4287,0.000216,4339
152.923,0.328612,4.03475,0.055167,1.72972,76.2962,0.000148,4370
155.608,0.450472,4.7722,0.09545,1.5563,81.0828,0.000192,4419
2.60717,0.564557,4.84047,0.096091,1.6128,38.412,0.000177,4473
5.19963,0.29941,3.58727,0.066091,1.73665,38.9334,0.000211,4530
7.77927,0.351272,3.52607,0.058536,1.89991,40.2268,0.000167,4578
2.49388,0.235448,3.61861,0.061699,1.61917,40.9166,0.000164,4625
5.01847,0.466871,4.61532,0.054775,1.81245,41.6623,0.000158,4668
8.14054,0.375863,4.16805,0.058541,1.89715,41.4138,0.000163,4723
11.0688,0.318589,3.41685,0.065673,1.75842,43.1958,0.000249,4771
13.7934,0.242102,3.25246,0.05653,1.62465,43.092,0.00017,4811
16.4401,0.568321,5.31233,0.069267,1.72494,53.0105,0.000175,4861
2.76485,0.486147,5.3607,0.09387,1.75975,86.6413,0.000173,4917
5.63216,0.298284,3.0877,0.112785,1.76023,43.7027,0.000216,4966
8.32715,0.342284,3.73153,0.056108,1.79313,44.7696,0.000168,5003
2.85878,0.273429,2.89057,0.070362,1.81948,44.5348,0.000221,5044
5.42145,0.317923,3.79754,0.056371,1.86134,44.8118,0.000192,5076
8.20634,0.292677,3.57539,0.058489,1.85821,45.9868,0.000168,5125
10.8589,0.38123,4.18156,0.065725,1.86169,47.6413,0.000234,5161
13.7853,0.387035,3.90142,0.057748,1.75634,48.6694,0.000226,5202
17.3464,0.256951,3.40128,0.045414,1.60492,50.3981,0.000214,5251
20.1618,0.374582,4.25741,0.076603,1.854,91.9567,0.000206,5292
23.0058,0.427866,5.19358,0.101006,1.86871,63.4475,15.3872,5031
25.7116,0.448105,4.20625,0.04442,1.65815,59.9738,1.30388,5025
28.6313,0.315676,3.35793,0.060249,1.91195,57.9627,1.02529,5040
31.4167,0.256566,3.23184,0.099642,1.74033,61.0857,1.31866,5034
34.0972,0.230065,2.93002,0.072101,1.79245,60.8343,1.01028,5036
36.9093,0.423015,3.90626,0.070157,1.64695,63.3388,1.69241,5020
39.5498,0.378557,5.1869,0.064944,1.87163,114.165,0.858748,5031
42.5771,0.596523,5.06893,0.116141,1.56241,62.9317,1.25141,5055
45.6263,0.275034,3.03772,0.057587,1.64179,61.9157,1.50787,5054
48.2218,0.44702,4.98195,0.062356,1.68689,60.8407,1.00879,5055
2.72056,0.318206,3.52532,0.065456,1.71613,60.4742,2.23701,5050
5.16344,0.34075,4.21685,0.055422,1.77221,59.9206,1.22561,5058
8.36601,0.302248,3.26321,0.064538,1.94752,66.5216,1.35405,5054
11.0856,0.266452,4.14209,0.103893,1.62143,96.5388,1.40164,5049
13.8693,0.325489,4.02303,0.074316,2.02516,60.0558,2.22831,5037
16.346,0.397965,4.25067,0.054255,1.74434,59.7603,1.78333,5026
19.1319,0.354945,4.52695,0.065204,1.67339,60.063,1.58974,5037
21.8446,0.444778,4.83877,0.060912,1.68574,59.9268,2.55925,5015
24.4407,0.320265,4.01684,0.059008,2.01374,58.6914,1.87048,5023
27.0334,0.448949,4.2505,0.059681,1.78509,72.2594,1.92845,5006
29.6966,0.319197,4.04589,0.100908,1.73793,83.1284,2.06812,4996
32.4407,0.422232,4.44212,0.066223,1.96576,57.9322,2.6323,4977
35.2811,0.302028,3.70863,0.060727,2.08324,57.3523,1.74604,4982
38.0299,0.44144,4.42714,0.336144,1.71541,60.3513,1.46395,4985
40.8514,0.471573,3.90321,0.059526,1.8583,57.5386,1.92095,4989
43.7363,0.284305,3.44561,0.053714,1.86893,59.9184,2.08294,4985
46.6055,0.250811,3.40083,0.063959,1.87636,76.7873,1.31508,4977
49.3725,0.439178,5.0612,0.087684,1.73382,82.3443,1.3733,4977
52.4179,0.324647,4.1411,0.268201,1.80416,60.2137,1.80626,4981
55.3745,0.39726,4.10473,0.066035,1.93818,59.2331,1.5737,4981
58.1861,0.430281,4.56175,0.051318,1.57508,58.5846,2.18025,4984
60.9976,0.390228,4.93091,0.062973,1.80567,61.4078,1.11837,4996
63.9212,0.323858,3.39657,0.06672,1.78814,61.3502,1.79523,4997
66.7647,0.391143,4.28041,0.059473,1.84007,91.3488,1.36388,4999
69.4801,0.268123,3.89237,0.1028,1.70485,76.388,1.99174,4994
72.1703,0.317345,3.99963,0.065488,2.01534,63.2617,2.00508,4980
75.0265,0.305441,3.5336,0.065631,1.94206,60.1847,1.59768,4982
77.6294,0.292101,3.73256,0.054471,1.90338,61.6142,1.73755,4979
80.0911,0.329921,3.53492,0.075672,1.77078,61.2363,2.55644,4961
82.9307,0.375291,4.10325,0.065518,1.84576,63.6002,1.4634,4962
85.7089,0.397768,3.49537,0.054815,1.89554,93.5559,2.16454,4948
88.5189,0.515298,4.65273,0.095145,1.78957,59.7444,1.52017,4950
91.0964,0.385705,4.64834,0.057331,1.63511,59.4372,2.28101,4953
93.7299,0.354977,3.76875,0.226137,2.00541,58.8079,1.80099,4952
96.3328,0.338949,3.90687,0.060586,2.0211,58.946,1.45532,4952
99.0599,0.467799,4.75042,0.04015,1.6669,59.0591,1.80497,4947
101.624,0.270954,3.48158,0.058271,1.67772,63.0064,2.05888,4945
103.963,0.383993,3.91549,0.038477,1.65707,93.6602,1.43201,4940
106.945,0.231586,2.83524,0.112797,1.587,58.2224,2.1791,4931
109.403,0.469375,4.25897,0.066172,1.73067,58.8894,1.69602,4922
111.952,0.290479,2.97094,0.068994,1.70176,58.4879,2.64479,4925
114.528,0.412208,4.40413,0.060324,1.72034,58.2644,2.09705,4908
116.951,0.396672,4.09595,0.032465,1.66866,57.3944,2.26842,4893
119.833,0.2795,3.66161,0.050537,1.6041,62.6106,1.25955,4904
121.987,0.243785,3.41484,0.054793,1.81859,92.4092,1.48718,4900
124.569,0.496763,4.8149,0.104359,1.87972,57.8665,1.81163,4892
127.303,0.24294,3.41819,0.072195,1.76273,54.9246,2.02791,4888
130.129,0.485362,4.64856,0.060468,1.78801,57.7293,2.13334,4886
132.874,0.442934,4.35736,0.05822,1.60867,56.803,1.74497,4890
135.686,0.294268,3.46691,0.032929,1.54405,55.6405,1.37719,4905
138.253,0.305949,3.693,0.037846,1.73622,56.5791,2.15035,4895
140.904,0.326524,3.55563,0.056466,1.6847,86.0139,1.38113,4905
143.55,0.317615,3.90903,0.101066,1.65942,61.1347,1.96207,4888
146.213,0.263113,3.44589,0.070101,1.87891,60.7587,1.6607,4884
149.196,0.322406,3.82501,0.050609,1.75029,56.5808,2.05146,4873
152.274,0.387534,4.29683,0.062361,1.80143,60.843,1.75212,4872
154.838,0.331329,4.29574,0.058218,1.67542,59.7192,2.1454,4868
157.422,0.262544,2.75701,0.058514,1.94122,58.2183,1.88249,4874
159.965,0.331933,4.14245,0.052801,1.80191,86.6208,2.21137,4854
162.625,0.307333,4.09544,0.105816,1.76702,70.9786,1.06112,4858
165.533,0.338719,3.79903,0.06109,1.7221,57.4323,2.47356,4854
168.25,0.383349,4.49414,0.035641,1.68069,57.4967,1.62887,4850
170.857,0.376964,3.80668,0.066878,1.78595,55.4247,1.49588,4853
173.705,0.411737,4.34489,0.065983,1.91458,57.1459,1.06682,4875
176.223,0.273387,3.29574,0.055072,1.76456,56.4446,1.74844,4880
178.997,0.503376,4.09936,0.059231,1.69603,77.9412,2.24777,4868
181.664,0.252448,3.85253,0.098272,1.66645,68.6962,2.13963,4867
184.604,0.256361,2.91645,0.622433,1.5863,53.9005,1.50192,4860
187.258,0.360121,3.50914,0.05942,1.72461,53.4528,1.625,4857
190.269,0.338661,3.30626,0.059637,1.63392,54.0305,1.3623,4865
192.697,0.382086,3.62926,0.075747,1.86406,54.1687,1.94957,4855
195.268,0.373505,3.39368,0.247406,1.68065,54.7568,1.70054,4860
197.798,0.381383,3.88868,0.06697,1.79985,59.3505,1.36052,4869
200.058,0.25162,3.44664,0.101764,1.52962,89.6054,1.26561,4872
203.01,0.52097,4.839,0.077141,2.21362,54.7961,2.42135,4865
205.82,0.226529,2.6419,0.062529,1.66804,53.5903,2.09925,4870
208.835,0.321869,3.9381,0.076391,1.64838,53.0386,1.28063,4866
211.356,0.299968,3.45496,0.049691,1.51078,54.4564,1.55205,4875
214.014,0.348312,3.19555,0.082106,1.56223,53.2844,1.20626,4880
216.659,0.453771,4.77085,0.054615,1.80959,54.0275,1.50406,4885
2.48934,0.24023,3.05726,0.055012,1.67549,67.3221,1.32274,4893
5.23618,0.368726,4.64997,0.095133,1.68189,78.3632,1.64275,4885
7.83746,0.461409,4.10603,0.06244,1.75889,55.6339,2.01751,4880
10.3962,0.278628,3.3801,0.05898,1.66918,52.5236,1.19605,4897
13.0425,0.407096,4.14482,0.055064,1.80363,53.5681,1.69573,4882
15.7203,0.35752,3.79441,0.057424,1.87012,53.4713,1.8566,4890
18.4516,0.30068,3.75859,0.077155,1.68392,53.5131,1.9008,4899
21.0017,0.357704,4.32276,0.077615,1.7245,53.815,1.6407,4898
23.6565,0.229052,2.64984,0.076438,1.575,83.811,1.24166,4912
26.4782,0.600273,5.94042,0.097471,1.66175,73.7425,1.11877,4913
29.4307,0.47517,4.93203,0.060631,1.76099,55.3826,2.12595,4928
32.1816,0.373548,3.95389,0.060956,1.84487,55.0827,2.05273,4930
34.6919,0.228684,3.33044,0.060634,1.70145,53.5005,2.35601,4934
37.335,0.228832,3.10005,0.059901,1.66641,53.7054,1.30127,4938
39.8775,0.323901,3.60346,0.051741,1.66071,52.6949,1.98164,4918
42.4442,0.417173,3.9336,0.04711,1.94565,53.6491,1.47474,4920
45.1634,0.218341,3.07335,0.062502,1.61948,92.5753,1.53423,4921
47.9667,0.273631,3.58672,0.102894,1.81756,54.3287,1.48552,4935
51.0735,0.305757,3.39515,0.078649,1.88935,52.8105,1.41903,4935
53.654,0.557476,4.96721,0.094852,1.6309,52.695,1.4583,4942
56.2834,0.355609,3.79348,0.06096,1.82738,51.651,1.65232,4952
58.719,0.408331,4.10709,0.049244,1.59965,53.6633,1.7055,4960
61.1809,0.331201,4.1893,0.061959,1.89247,53.2355,2.07424,4948
63.5461,0.356081,3.68238,0.063421,1.85055,54.4885,1.37028,4956
66.2152,0.310262,3.82761,0.116186,1.68539,91.0702,1.78801,4957
3.08863,0.394645,3.99606,0.067051,1.63888,52.2335,1.55769,4961
5.73245,0.251313,2.85477,0.045163,1.7147,51.9359,1.90303,4961
8.48164,0.451806,4.48102,0.055011,1.53118,53.303,1.58231,4949
11.3824,0.446613,4.28455,0.047549,1.71433,53.8041,1.81785,4957
14.3621,0.432142,4.69306,0.054099,1.75052,52.6641,1.76361,4967
16.9332,0.287734,3.6383,0.067924,1.86174,52.9177,1.33364,4980
20.3072,0.448016,4.5545,0.058796,1.76254,71.4991,1.37843,4980
22.9488,0.253908,3.67088,0.101819,1.64618,72.099,2.0049,4981
25.6141,0.342533,4.0283,0.076654,1.68177,53.503,1.69677,4972
28.3934,0.380003,3.85576,0.063222,1.7269,54.4542,1.65547,4972
31.2389,0.333506,3.67696,0.051214,1.85758,53.5132,2.04153,4966
33.8655,0.427209,4.57968,0.037017,1.66863,53.6413,1.82304,4962
36.4902,0.356345,3.70209,0.054182,1.6688,52.7981,1.36814,4976
39.368,0.274853,3.02446,0.059671,1.90191,52.3752,1.77352,4967
41.9737,0.377278,4.49866,0.077434,1.75427,84.9869,1.35043,4966
44.7227,0.430634,4.84545,0.105191,1.65164,66.9957,1.58424,4974
47.3039,0.338728,3.50711,0.188092,1.74717,55.0984,1.54557,4988
50.5615,0.322567,3.29694,0.067996,1.89335,53.4662,1.39658,4986
53.5465,0.349353,4.05523,0.052537,1.82955,53.3468,1.6786,4991
56.0628,0.198675,2.83236,0.053839,1.78014,52.8199,1.50313,4985
59.0201,0.424727,3.87836,0.073921,1.8444,53.1335,1.60966,4978
61.8172,0.43577,4.20417,0.182399,1.62387,52.8469,2.06513,4979
64.7906,0.301505,2.50635,0.060557,1.78302,87.7936,1.69269,4983
67.1977,0.286859,3.89135,0.101344,1.39311,72.3757,1.4224,4970
69.7364,0.381143,4.24541,0.058234,1.83603,52.8927,1.65143,4977
72.2901,0.29746,3.03794,0.067701,1.8014,53.4321,1.83823,4980
74.7661,0.397193,4.29973,0.065993,1.81078,53.9578,1.33079,4980
77.2704,0.267801,3.13367,0.06624,1.81066,51.2815,1.61645,4991
80.1175,0.550015,4.92644,0.058821,1.75211,52.5912,1.04277,4992
83.0967,0.363469,3.80975,0.081591,1.70047,52.942,2.11102,5002
1.07542,8.15108,30.1662,0,0,7.08105,0,0
1.65702,0.260189,3.28299,0.137405,0.439845,7.58126,0.00013,689
1.65691,0.156866,2.00803,0.074438,0.470389,8.26464,8.4e-05,763
1.69511,0.165119,1.87552,0.075055,0.470771,8.62761,0.000126,802
1.6691,0.13049,1.62226,0.113424,0.493312,8.89988,9.4e-05,849
1.67698,0.310997,1.98182,0.071844,0.502237,9.25483,8.9e-05,883
1.68372,0.165924,1.73585,0.080718,0.511965,9.52911,8.1e-05,938
1.66553,0.140632,1.59537,0.071738,0.526789,9.80432,0.000147,980
1.69353,0.16223,1.95701,0.084729,0.542277,10.108,8.6e-05,1014
1.69014,0.142091,1.46265,0.073043,0.551523,10.6492,9.2e-05,1052
1.69468,0.493709,3.04498,0.089991,0.55315,10.9649,9e-05,1097
1.71484,0.18642,1.78585,0.080862,0.582274,11.3493,0.0001,1161
1.73171,0.216066,2.10822,0.077696,0.585529,11.7315,8.9e-05,1195
1.72463,0.261171,2.31635,0.083168,0.60034,12.0517,9.4e-05,1260
1.72832,0.339981,2.89671,0.086797,0.622273,12.6001,0.000117,1293
1.73311,0.317749,2.24487,0.08187,0.641307,13.0835,0.000104,1356
1.65071,0.240714,2.02471,0.077996,0.651952,13.4927,9.6e-05,1410
1.75308,0.559155,3.09558,0.081723,0.672077,14.0897,0.000115,1458
1.76417,0.320739,2.95994,0.085422,0.699259,14.5466,0.000132,1522
1.79673,0.366264,2.88456,0.078614,0.72371,14.7271,0.000134,1573
1.77659,0.528567,3.04034,0.072221,0.742822,16.742,0.042513,1629
1.79144,0.511059,3.86604,0.076709,0.74303,17.356,0.057743,1687
1.81477,0.316643,2.2243,0.084896,0.76654,17.6548,0.065767,1748
1.65794,0.203556,2.24253,0.080376,0.779107,17.9956,0.066022,1780
1.70604,0.296831,2.5281,0.08445,0.765811,18.4062,0.056787,1813
1.84075,0.462653,3.09603,0.077965,0.807927,18.9349,0.090842,1853
1.82811,0.240059,2.24039,0.077052,0.825896,18.9536,0.081701,1896
1.83913,0.253091,2.47413,0.088715,0.833966,19.5781,0.093319,1932
1.81081,0.276462,2.51843,0.079128,0.826475,19.8779,0.103535,1961
1.86455,0.317337,2.58037,0.09557,0.839962,20.1239,0.153372,1993
1.846,0.402101,2.74558,0.07381,0.861111,20.8186,0.139386,2016
1.71472,0.14747,1.81297,0.089119,0.861881,20.5756,0.10421,2056
1.88612,0.307301,2.60507,0.08488,0.865172,20.9302,0.193687,2072
1.78687,0.181737,2.04344,0.102798,0.870738,20.9418,0.181281,2104
1.86534,0.358472,2.54225,0.110565,0.862981,21.3178,0.142632,2124
1.87096,0.367105,3.05952,0.083976,0.884023,21.5756,0.208391,2146
1.83027,0.206395,2.59338,0.087218,0.89442,21.7723,0.19172,2182
1.84495,0.230247,2.48703,0.09027,0.892385,22.1249,0.209068,2197
1.65624,0.373376,3.65242,0.078354,0.889631,22.3274,0.182105,2221
1.90058,0.264236,2.82803,0.086157,0.935904,22.4248,0.281306,2256
1.91868,0.411796,3.21141,0.089314,0.918501,22.8397,0.182651,2276
1.93606,0.244004,2.41856,0.091992,0.929897,23.0363,0.277323,2305
1.76396,0.353657,3.0088,0.089801,0.903583,23.1903,0.235776,2318
1.92028,0.332077,3.06035,0.091485,0.934271,23.5045,0.351195,2339
1.7549,0.22606,2.3904,0.084464,0.909513,23.3871,0.210701,2367
1.93389,0.319332,2.94627,0.080743,0.95914,23.6598,0.256883,2385
1.9617,0.377545,3.21801,0.088666,0.925718,23.9261,0.291098,2414
1.92918,0.282348,2.87647,0.092866,0.947419,24.0286,0.418014,2437
1.94978,0.301076,3.0372,0.102191,0.803162,24.575,0.345254,2446
1.81174,0.228356,2.7975,0.097669,0.927782,24.5773,0.313538,2471
1.74419,0.459294,3.563,0.081142,0.928354,24.4924,0.324769,2488
1.78842,0.39739,3.21071,0.097925,0.956933,24.8813,0.309938,2516
1.73733,0.352856,3.67645,0.077862,0.946449,25.3877,0.237356,2562
1.78525,0.16595,2.34603,0.083183,0.971836,24.9099,0.2932,2592
1.76494,0.209171,2.54391,0.084409,0.959225,25.2,0.253473,2616
1.72967,0.273168,3.04398,0.07267,0.954893,25.5487,0.226641,2634
1.82322,0.29426,2.9674,0.090545,0.968873,25.6284,0.300399,2651
1.78197,0.326962,3.30886,0.082832,0.95467,26.5399,0.362096,2670
1.81968,0.284237,2.95616,0.082436,0.959587,25.9922,0.366865,2680
1.81531,0.188086,2.50928,0.084394,0.984511,26.5189,0.303997,2705
1.86387,0.37875,3.03184,0.086315,0.960743,26.3957,0.369308,2721
1.75787,0.193434,2.18866,0.088311,1.00274,26.3641,0.43041,2730
1.57392,0.284665,3.04833,0.076166,0.788847,26.4146,0.459288,2732
1.831,0.252044,2.73395,0.094329,0.956364,26.8093,0.26128,2764
1.57157,0.331883,3.16332,0.084402,0.789952,26.8583,0.366992,2779
1.86761,0.285063,2.999,0.088153,0.973385,27.0067,0.317073,2801
1.92325,0.354317,3.22924,0.086188,1.0022,27.4745,0.437182,2811
2.09131,0.314939,3.02164,0.085809,0.992488,27.3901,0.343657,2837
2.67145,0.449413,4.00709,0.089024,1.01026,27.7854,0.413067,2848
2.33519,0.207755,2.36044,0.094465,1.00286,27.8485,0.524715,2870
2.44893,0.577865,4.20715,0.090718,1.0217,28.1971,0.470117,2868
2.37895,0.331849,2.88764,0.077688,0.98757,28.0218,0.395078,2900
2.40838,0.321794,3.01202,0.086649,1.01242,28.1356,0.516124,2909
2.32629,0.184457,2.51416,0.085669,1.01221,28.0162,0.618703,2906
2.41212,0.323679,3.55573,0.085504,1.01178,27.9959,0.551128,2896
2.4749,0.442441,3.6628,0.103731,1.00194,28.118,0.61355,2906
2.45411,0.472748,3.90879,0.082252,1.01892,28.3496,0.594845,2921
2.41141,0.288856,3.26252,0.094452,1.00853,28.391,0.559798,2938
2.42207,0.351255,3.2903,0.078479,1.00701,28.5038,0.468326,2952
2.44361,0.24306,3.1335,0.08862,1.0288,28.5468,0.632762,2954
2.54649,0.435744,3.84246,0.082335,1.00053,28.7085,0.475339,2958
2.45686,0.378007,3.71691,0.084793,1.02016,29.1482,0.523562,2966
2.39831,0.322722,3.06919,0.11656,0.992578,28.9309,0.464333,2971
2.39335,0.25232,2.87141,0.090257,1.00209,28.9432,0.377048,2971
2.45703,0.542876,4.05392,0.095833,1.00682,29.1746,0.644346,2972
2.47398,0.489151,3.90939,0.091042,1.01272,29.3028,0.620028,2969
2.37203,0.289939,2.41433,0.092564,1.01727,29.0267,0.618174,2977
2.40598,0.325793,3.12467,0.091249,1.03082,29.2489,0.522445,2968
2.35158,0.268726,2.45289,0.095879,1.00643,29.1717,0.545498,2965
2.40496,0.288923,3.03466,0.091982,1.03135,29.1421,0.433284,2953
2.40118,0.294628,3.00099,0.087295,0.988336,28.9151,0.659449,2947
2.41208,0.371844,3.17256,0.101917,1.01136,28.9681,0.846633,2926
2.46734,0.378154,3.26506,0.092453,1.02085,29.0396,0.559821,2926
2.39907,0.252395,2.84837,0.142095,0.997142,28.8859,0.565312,2923
2.40301,0.36177,3.42302,0.084958,1.01983,28.9543,0.446729,2925
2.47137,0.419067,3.54563,0.085573,1.00357,29.1655,0.631916,2925
2.43555,0.431201,3.53836,0.103141,0.981633,29.1153,0.7042,2917
2.42731,0.316962,2.9422,0.105945,1.01854,29.0526,0.686615,2916
2.39601,0.245968,2.85764,0.085176,1.01994,28.8583,0.649084,2905
2.33934,0.212591,2.39241,0.08167,1.00441,28.8479,0.527943,2896
2.41675,0.421817,3.18747,0.091916,1.01536,28.7287,0.699531,2881
2.45011,0.436399,4.01926,0.089398,1.00721,29.0438,0.522112,2892
2.49024,0.593134,3.74717,0.095678,1.00647,29.0213,0.724782,2902
2.41683,0.244087,2.55844,0.088208,1.01816,29.0048,0.520387,2907
2.47828,0.449042,4.01519,0.089969,0.996091,29.1776,0.454637,2909
2.41798,0.288514,2.88862,0.100871,1.04744,29.1926,0.685088,2913
2.4457,0.336373,3.32353,0.096185,1.01926,29.2921,0.535974,2916
2.37785,0.286743,2.6896,0.087079,1.02391,29.3838,0.558663,2917
2.45907,0.26279,2.99433,0.111696,1.01336,28.8913,0.687067,2901
2.41402,0.316091,3.1058,0.098556,1.02279,28.9194,0.690774,2893
2.42665,0.383857,3.46671,0.08041,0.99371,28.9484,0.615825,2896
2.45809,0.330484,3.55042,0.111936,1.01139,29.1565,0.516446,2916
2.45773,0.452572,3.92329,0.089205,1.01347,29.1531,0.542302,2918
2.41293,0.299924,2.84038,0.07366,0.981869,29.2896,0.42523,2948
2.4523,0.430115,3.33817,0.100707,0.995728,29.1885,0.656705,2942
2.43935,0.307084,2.94904,0.076282,1.01276,29.227,0.688367,2944
2.4759,0.421263,3.75203,0.091392,1.01137,29.2141,0.626231,2945
2.44309,0.311239,3.21755,0.089177,1.01164,29.2021,0.774696,2940
2.45629,0.41928,3.51195,0.095464,1.00861,29.2813,0.653582,2933
2.42175,0.451849,3.27301,0.084607,0.988087,29.2495,0.640804,2941
2.25908,0.204217,2.29301,0.095183,1.017,29.3871,0.441475,2937
2.41137,0.263061,2.89213,0.128259,0.96791,28.9043,0.734995,2920
2.46966,0.432714,3.70728,0.097747,0.999846,28.9875,0.608298,2919
2.43978,0.308234,3.34265,0.089273,1.01165,29.1651,0.45541,2934
2.43244,0.365553,3.29025,0.082111,0.996167,29.2671,0.671323,2936
2.45423,0.41954,3.75081,0.077659,1.00418,29.3737,0.484609,2949
2.43762,0.393472,3.91632,0.088068,0.997072,29.5979,0.494913,2964
2.39403,0.316054,2.93396,0.087333,1.00508,30.1951,0.587581,2972
2.49918,0.374108,3.69477,0.105098,0.998129,29.5857,0.597386,2972
2.41727,0.256978,2.71708,0.092496,1.01138,29.4525,0.600346,2970
2.41996,0.28935,3.1576,0.081934,0.996581,29.3643,0.545037,2967
2.40024,0.306695,3.08831,0.095763,1.00136,29.5526,0.594309,2973
2.42496,0.291726,2.86601,0.086266,1.00852,29.3017,0.502288,2968
2.41478,0.338354,3.01324,0.089944,1.01784,29.3052,0.453832,2966
2.04224,0.278194,2.69574,0.083998,0.819815,29.2606,0.669893,2953
2.41958,0.411063,2.98882,0.088245,0.979796,29.4767,0.360266,2964
2.51603,0.487856,3.66089,0.089397,1.01438,29.6491,0.388294,2971
2.45878,0.355062,3.47713,0.09527,1.03631,29.7407,0.525951,2986
2.46223,0.363803,3.25226,0.102441,0.981196,29.6962,0.649355,2986
1.97383,0.268592,2.94112,0.079768,0.809804,29.4822,0.52954,2986
2.45845,0.440088,3.87946,0.090106,1.00966,29.7516,0.512447,2997
2.38411,0.272525,2.64125,0.097887,1.017,29.5694,0.668816,3001
2.03067,0.292017,2.6719,0.089295,0.826088,29.6636,0.487517,2996
2.40537,0.20528,2.3969,0.086844,1.02632,29.617,0.632262,2997
2.45497,0.470944,3.66618,0.096547,1.00469,29.3401,0.670558,2983
2.38536,0.296539,2.5876,0.087635,1.02588,28.884,0.71272,2991
2.47131,0.410171,3.5659,0.084832,1.0211,29.4821,0.54644,2994
2.49119,0.390522,3.51171,0.080913,1.02461,29.3615,0.623961,2988
2.44584,0.28678,3.09236,0.090212,1.01697,29.2674,0.607376,2998
2.44559,0.251378,2.51623,0.094202,1.04661,29.1742,0.751884,2989
2.49182,0.451816,3.72938,0.089318,1.01641,29.1736,0.520235,2980
2.45283,0.257581,2.99976,0.096835,1.00475,29.1952,0.495759,2988
2.45825,0.494635,3.98384,0.089844,1.02194,29.3281,0.754141,2987
2.45889,0.436267,3.56704,0.085576,1.05038,29.2752,0.592284,2987
2.44477,0.319388,3.04775,0.118778,0.998806,29.1922,0.603108,2998
2.3978,0.315275,2.92253,0.080475,0.980725,29.1733,0.603653,2992
2.37358,0.34488,2.81886,0.080299,1.01048,29.1644,0.550439,3001
2.46021,0.327159,2.83916,0.089492,1.03529,29.0585,0.67568,2993
2.41704,0.278312,2.87441,0.102726,1.00416,29.0417,0.555427,2999
2.38318,0.328329,3.36579,0.100607,1.0113,28.9838,0.708322,2988
2.41924,0.383447,3.66699,0.087273,1.02142,28.8899,0.599784,2988
2.47817,0.325223,3.60066,0.104862,1.08436,29.1152,0.580542,2991
1.95431,0.225285,2.14575,0.118709,0.796709,29.0515,0.461576,3008
2.40903,0.329524,3.37645,0.09296,1.00755,28.9796,0.60572,2995
2.37277,0.311001,2.96452,0.078932,0.995619,28.9937,0.435131,3003
2.45454,0.334159,3.3013,0.083051,1.00014,28.9722,0.668296,2999
2.42078,0.391343,3.70856,0.089979,0.990399,29.0055,0.492743,3002
2.50163,0.361816,3.15766,0.08068,0.990497,29.15,0.460659,3013
2.47801,0.431382,3.76097,0.086856,1.00907,28.5516,0.500296,3033
2.42718,0.296964,2.8003,0.096415,1.00167,29.0104,0.527275,3039
2.41643,0.526735,3.5466,0.088803,1.02194,29.3355,0.570609,3039
2.44444,0.261321,2.88129,0.087699,0.974001,29.4335,0.463815,3056
2.3821,0.256883,2.51923,0.077454,1.00072,30.6226,0.453447,3061
2.41673,0.358066,3.00944,0.09163,1.05123,29.1414,0.608535,3060
2.45236,0.350045,2.85917,0.095092,1.01169,28.9687,0.545001,3066
2.41451,0.380754,3.18555,0.098822,1.02313,29.1968,0.547415,3063
2.41311,0.364493,3.02491,0.080914,1.01922,29.1214,0.399446,3081
2.46149,0.398615,3.28622,0.078547,1.02063,29.2424,0.700476,3083
2.39613,0.28884,2.80265,0.078123,1.01305,29.1514,0.525247,3090
2.54733,0.482245,3.81387,0.088292,1.01937,29.2313,0.588471,3091
2.4745,0.228252,2.25236,0.081666,1.01918,29.1334,0.512622,3110
2.45198,0.342307,3.36033,0.092189,1.00873,29.3131,0.510525,3109
2.42818,0.292878,2.83674,0.085067,1.0101,29.2836,0.584653,3120
2.48104,0.362229,2.83551,0.087816,1.00716,29.1134,0.561885,3113
2.40133,0.437119,3.84558,0.089714,1.02647,29.3239,0.629928,3107
2.37467,0.237592,2.47537,0.082226,1.01664,28.9187,0.61486,3104
2.45699,0.362148,3.44182,0.092386,1.01305,29.4486,0.456763,3101
2.52458,0.448414,3.24062,0.087153,1.01859,29.0527,0.580872,3107
2.43404,0.283241,2.88309,0.095433,1.02871,29.8112,0.508927,3119
2.52522,0.40957,3.6515,0.09313,1.01748,29.0358,0.417843,3113
2.4803,0.342445,3.14429,0.081668,1.00836,29.1693,0.594217,3123
2.44151,0.301749,3.10157,0.10142,1.02799,28.7916,0.588042,3128
2.47032,0.359308,3.63416,0.087415,1.0267,29.0801,0.557402,3124
2.48474,0.230923,2.4008,0.088586,1.00855,28.8642,0.734563,3119
2.67172,0.592366,4.38878,0.088783,1.04151,29.2546,0.456955,3121
2.49365,0.478283,4.13903,0.091787,1.02763,29.4299,0.466352,3143
2.45504,0.400161,3.51827,0.092444,1.04064,30.6199,0.526081,3155
1.9983,0.202445,2.53879,0.079896,0.82095,29.4838,0.552856,3167
2.41402,0.218404,2.59923,0.090656,1.01944,29.4477,0.585128,3162
2.41683,0.314693,3.08268,0.093525,1.02706,29.3569,0.586274,3148
2.46273,0.411538,3.41709,0.087591,1.02701,29.3314,0.59777,3151
2.43116,0.268366,2.92725,0.089818,1.03268,29.3099,0.704135,3148
2.48626,0.265617,2.83914,0.095896,1.0511,30.0447,0.660492,3152
2.41894,0.318804,3.04791,0.090644,0.996796,29.1682,0.400418,3153
2.52291,0.561514,4.27262,0.075962,1.05105,29.4344,0.508287,3158
2.46025,0.372004,3.32753,0.078582,1.02814,29.502,0.536537,3168
2.41677,0.369222,3.41211,0.085277,1.03376,29.1397,0.750174,3168
2.40469,0.319949,3.13316,0.083249,1.01389,28.9475,0.609945,3159
2.45974,0.344597,3.21775,0.086195,1.01528,29.0793,0.512971,3168
2.44191,0.314216,2.9009,0.081904,1.01816,29.077,0.615379,3170
2.40759,0.394752,3.43196,0.087571,1.0057,29.7641,0.657981,3165
2.50727,0.249456,2.61704,0.084789,1.01229,30.0569,0.709036,3170
2.49234,0.463911,3.86785,0.097744,0.98604,30.0051,0.597396,3163
2.48794,0.482828,3.84854,0.083519,0.999261,29.8217,0.681398,3171
2.50295,0.427117,3.83653,0.08618,0.977126,30.3184,0.529899,3191
2.4378,0.30236,3.21105,0.085031,0.945589,30.2188,0.687005,3193
2.51469,0.428611,3.86963,0.089074,1.02884,31.382,0.622412,3193
2.40995,0.273959,2.7961,0.087681,1.01548,30.0505,0.642388,3200
2.49189,0.344393,3.55244,0.085933,1.02723,30.2467,0.666716,3193
2.47248,0.379518,3.4719,0.090098,1.0146,29.7518,0.78638,3193
2.55538,0.355872,3.28079,0.08823,1.05318,30.266,0.645298,3192
2.53103,0.425008,3.83564,0.107123,1.01753,30.2329,0.618417,3193
2.50222,0.369976,3.39592,0.083039,1.01788,30.3689,0.746643,3197
2.47107,0.285466,2.82941,0.083121,1.01095,30.2715,0.490184,3194
2.52709,0.37495,3.93977,0.086029,1.02473,30.4195,0.627304,3189
2.57282,0.429924,3.68038,0.086177,1.04408,30.4215,0.576682,3195
2.40948,0.323473,2.81403,0.082937,1.01809,30.5479,0.630174,3209
2.52297,0.312489,3.06293,0.083096,1.04954,29.9638,0.884293,3184
2.48507,0.371291,3.43156,0.097207,1.02203,30.1775,0.708348,3183
2.35485,0.191642,2.25128,0.085228,0.997797,30.1796,0.524189,3185
2.43888,0.431494,3.36842,0.080975,1.03059,30.0166,0.587526,3182
2.52862,0.449374,3.76744,0.096863,1.05464,30.1473,0.664106,3190
2.49776,0.29291,2.38105,0.084335,1.0274,30.1899,0.662883,3200
2.54546,0.343118,3.30562,0.084581,0.999577,30.1494,0.807322,3179
2.51178,0.369264,3.50152,0.09266,1.01478,29.9101,0.665679,3188
2.43425,0.294096,2.69949,0.089695,1.05429,29.9719,0.680707,3192
2.51959,0.409255,3.83926,0.091025,1.01729,30.0279,0.617669,3192
2.4055,0.26124,2.82681,0.088491,1.02816,29.8376,0.56325,3203
2.49926,0.580179,4.3443,0.08876,1.01753,29.9648,0.527095,3204
2.47051,0.371171,3.29423,0.086751,1.00881,30.1136,0.726527,3214
8.92385,3.27948,16.9567,0,0,4.53422,0,0
9.60901,0.009994,0.043559,0.044221,0.213453,4.29631,3.5e-05,490
9.96942,0.027298,0.141059,0.043615,0.214731,4.40924,2.8e-05,491
10.4286,0.794528,4.87409,0.044231,0.233205,6.10781,3.6e-05,495
9.89465,0.587951,3.61176,0.042623,0.289292,7.15548,3.6e-05,617
10.905,0.968815,4.29622,0.042538,0.326607,5.55876,0.094565,632
10.9357,1.28303,8.06716,0.042298,0.410171,10.7942,0.054948,747
10.5961,1.68089,8.92335,0.034164,0.541653,13.0394,0.087568,886
12.3046,2.24803,11.0548,0.044719,0.476178,15.8821,0.116416,1043
13.5088,1.84276,10.3853,0.045054,1.00462,12.8306,0.538321,1015
10.4661,1.70585,9.9136,0.042865,0.749404,12.6897,0.824238,964
12.4359,2.11943,10.3301,0.051882,0.744385,17.5924,0.413712,1134
13.2767,2.14809,12.2749,0.051943,0.821529,20.946,0.576741,1143
14.0791,2.48389,15.0501,0.045713,0.806462,23.6827,0.146806,1540
12.8428,3.27856,17.9646,0.03979,0.694811,27.1676,0.032776,1824
16.42,2.35247,16.5997,0.056326,1.00059,27.2801,0.033067,2107
18.1752,2.37948,18.765,0.0616,1.15528,33.386,0.050005,2338
20.5698,2.76089,20.6393,0.051639,1.34048,40.0447,0.17301,2556
17.8823,2.89126,23.8283,0.049753,1.56925,46.1934,0.023354,2855
19.7453,2.80073,23.7274,0.073559,2.09575,85.7224,0.163676,3112
22.3151,2.286,22.6754,0.064873,2.12451,93.444,0.258357,3377
19.527,2.72239,25.6364,0.047676,2.47146,94.111,0.811464,3549
20.4256,2.54429,26.9993,0.065743,3.30505,113.843,2.72635,3568
19.2226,1.88513,21.8812,0.061002,3.9557,104.336,5.01392,3416
19.1724,1.87611,19.6231,0.058382,3.37076,100.572,1.92869,3756
16.3783,1.95666,21.5862,0.036394,3.07315,107.017,2.30391,3911
16.0301,1.81812,20.8796,0.049142,3.42834,115.784,0.628575,4256
17.9487,1.91201,23.1854,0.053916,2.0793,128.131,0.744466,4460
19.862,1.61889,19.3037,0.051681,2.69384,122.667,0.697682,4667
18.6496,1.26781,17.6725,0.052776,2.39276,134.48,1.52144,4808
18.455,1.35731,19.3254,0.055139,2.84123,143.903,1.56514,4914
18.8578,1.30632,17.395,0.056683,3.00305,144.84,3.83238,4950
19.3764,1.40733,18.2144,0.066021,4.61934,145.883,1.56405,5145
17.4513,1.44673,17.173,0.061703,3.95018,146.35,1.62863,5278
18.1541,1.36769,17.7831,0.056623,3.50061,155.354,1.02123,5416
18.321,1.4313,18.4151,0.056511,3.20875,158.366,2.06471,5532
17.6947,1.24374,15.3797,0.067555,4.34518,168.024,2.04718,5643
20.3621,1.30725,16.1232,0.058195,2.9622,170.192,2.20576,5737
20.7587,0.870224,11.2702,0.048517,3.26147,170.594,2.52481,5810
19.2505,0.642749,9.10111,0.056671,4.11078,173.786,2.65765,5856
19.9085,0.670508,9.85035,0.057695,3.38765,171.908,2.57913,5868
20.2928,0.581673,8.14663,0.072304,2.97517,174.604,2.23995,5911
18.9476,0.579936,8.80264,0.055483,2.47578,174.021,3.01946,5891
21.4078,0.70921,10.245,0.057922,4.0144,169.812,2.28126,5904
18.6359,0.487533,7.51037,0.062318,2.76617,175.495,1.91256,5926
19.0324,0.59395,8.11326,0.049173,2.1582,180.071,2.83608,5900
16.6672,0.615823,9.27857,0.053517,2.05933,192.782,2.08732,5905
21.0555,0.681684,9.43249,0.065363,2.41333,184.234,4.09147,5881
21.1709,0.662537,10.2637,0.059602,2.47096,182.884,4.79283,5820
21.0385,0.702501,9.56154,0.062727,2.63329,182.61,5.09821,5748
21.3507,0.54714,8.12498,0.064567,2.70199,174.609,6.0805,5627
20.5898,0.525106,7.59233,0.054261,2.93757,168.345,7.22695,5482
20.4979,0.72561,8.81892,0.063657,2.90878,163.251,9.42826,5240
19.6142,0.693436,8.4177,0.063112,2.56667,152.853,8.56199,5017
18.8989,0.535928,6.30273,0.059976,2.32556,142.601,8.55847,4768
18.5117,0.551061,6.63545,0.059424,1.98652,128.994,9.46467,4466
17.234,0.566718,6.16147,0.053658,1.52553,115.458,7.94763,4200
16.495,0.601443,6.06514,0.052213,1.36448,103.295,7.07877,3943
14.6872,0.502006,4.17803,0.051962,1.24051,92.0788,5.73102,3717
14.9266,0.438578,4.50159,0.05421,1.67995,86.7555,5.89508,3475
13.6961,0.27817,2.48601,0.051135,1.27875,80.0422,5.16049,3217
14.2819,0.400277,3.99573,0.048298,1.09442,73.7066,5.19803,2961
13.214,0.456642,4.21563,0.022255,1.60577,39.464,3.90897,2775
12.5061,0.473674,4.25224,0.045371,0.88196,38.1099,3.86854,2601
12.9388,0.654957,5.12929,0.055186,0.964671,32.9934,3.78349,2436
11.721,0.344021,2.94942,0.042284,0.775842,30.0985,2.67783,2299
11.9135,0.35949,2.19811,0.041351,0.909134,28.3508,2.2983,2149
12.5693,0.399536,2.6805,0.050242,0.84326,26.6383,1.65527,2029
11.4976,0.460345,2.84673,0.046667,0.883098,24.9067,1.6064,1923
11.3879,0.239772,2.37848,0.016017,1.18264,23.8753,1.25028,1842
11.7391,0.341764,2.45794,0.050962,0.602676,21.6994,1.46345,1756
10.6466,0.274467,2.03126,0.043255,0.564846,20.5839,0.986688,1701
11.5164,0.56313,3.66393,0.045276,0.591011,20.4819,1.16013,1642
11.1106,0.366304,2.51595,0.045994,0.656752,19.8704,0.773081,1618
10.7875,0.31278,2.08558,0.043346,0.558827,19.8747,0.866151,1589
10.9364,0.470275,2.88044,0.03377,0.536525,19.1183,0.972767,1531
9.85798,0.363355,2.06133,0.041616,0.527168,17.8847,0.600585,1509
11.1661,0.437816,2.55909,0.048163,0.627261,17.5882,0.730858,1483
10.6336,0.391246,2.34507,0.040674,0.610322,17.015,0.775438,1449
10.4636,0.247806,1.70098,0.04247,0.596737,17.873,0.55709,1429
10.8589,0.248869,1.59738,0.043505,0.491129,16.5149,0.632423,1389
10.7739,0.23906,1.71844,0.043189,0.579826,15.5854,0.97692,1356
10.0506,0.271591,1.4872,0.036611,0.622616,15.8236,0.639287,1316
10.4547,0.336075,2.23367,0.034399,0.452724,14.7195,0.449126,1295
0.888879,4.60252,10.2851,0,0,1.28807,0,0
0.968369,0.549839,2.71877,0.022086,0.265797,1.65263,0.000148,422
1.0391,0.426028,2.30443,0.032732,0.309828,1.89523,0.000152,528
0.969534,0.355815,2.1379,0.025187,0.366795,1.92419,0.000212,613
0.877671,0.361231,2.32347,0.023036,0.446598,2.04184,0.000138,705
1.22103,0.486894,2.67004,0.026241,0.437587,4.53865,0.000185,796
0.848985,0.352724,4.56346,0.046498,0.320907,9.99586,0.000132,884
1.06011,0.321259,4.7018,0.046641,0.404209,10.8944,0.000183,986
1.07577,0.334063,5.11655,0.066082,0.427221,11.9195,0.000147,1080
1.07047,0.333047,5.19114,0.068975,0.461181,12.8544,0.000162,1171
1.12102,0.340614,4.96056,0.048228,0.488266,13.7193,0.000144,1269
1.127,0.36479,5.40288,0.058436,0.500293,14.7681,0.000146,1358
1.11835,0.439627,5.82629,0.053006,0.509378,15.9299,0.000179,1446
1.12406,0.391968,5.59337,0.05381,0.541466,16.9935,0.000183,1553
1.1466,0.355203,5.62715,0.056837,0.560814,18.05,0.000187,1645
1.1791,0.406403,6.16497,0.053047,0.585466,19.2199,0.000212,1744
1.18525,0.370753,5.94062,0.056834,0.605521,22.4363,0.010642,1834
1.18539,0.335309,5.4497,0.062098,0.627356,22.6215,0.055678,1913
1.18007,0.459511,6.49555,0.052378,0.654112,23.9189,0.045592,1989
1.20494,0.361318,6.03712,0.050272,0.669287,23.1434,0.071923,2077
1.2122,0.384003,5.73977,0.054082,0.699769,24.5635,0.09685,2142
1.94438,0.358258,6.11569,0.056923,0.701282,26.5465,0.23976,2200
2.09074,0.425041,4.39694,0.056672,0.739868,14.1031,0.284664,2261
1.52768,0.480689,5.07382,0.046399,0.691376,14.0939,0.554626,2303
1.80459,0.47634,5.10462,0.033939,0.995611,12.2064,0.538494,2343
1.54174,0.514343,4.63172,0.040358,0.865616,17.8362,0.381645,2396
1.86924,0.449954,4.89842,0.040898,1.04739,12.2966,0.624015,2421
2.13513,0.518835,4.87836,0.045595,1.0739,19.8832,0.559117,2461
1.96941,0.45574,4.92566,0.033442,1.08796,12.2692,0.733736,2496
1.75423,0.472761,5.02567,0.048388,0.699256,15.9145,0.759185,2521
1.87376,0.629249,5.74938,0.047098,1.14648,24.6098,0.602119,2557
1.83668,0.556008,5.55068,0.043126,1.13835,26.6833,0.714882,2600
1.86906,0.508998,4.96678,0.043007,1.15543,23.7914,0.788936,2637
1.90474,0.546743,5.94894,0.054087,1.22669,16.4757,0.901351,2654
2.14863,0.456476,4.77998,0.058003,0.725252,15.1689,1.06414,2682
2.03796,0.32736,5.13602,0.037017,1.18792,15.0704,0.986182,2692
1.90046,0.514442,5.26311,0.036314,1.17345,25.48,0.524977,2719
1.52403,0.544215,5.40935,0.028546,0.995061,15.0104,1.0211,2725
1.83884,0.30585,5.05594,0.037773,0.972567,19.5147,0.915705,2763
1.67327,0.520269,5.25005,0.031564,0.911545,16.6103,0.971,2784
2.07756,0.483847,5.46944,0.060152,0.880184,16.5658,0.964361,2806
1.68045,0.465274,5.19197,0.030426,0.891536,24.8312,0.744407,2824
2.01576,0.466844,5.15974,0.042959,1.11701,16.1461,0.762434,2852
1.84403,0.412252,4.98555,0.033577,1.07183,29.8501,0.636747,2876
1.99581,0.389282,4.75763,0.031458,1.1302,14.853,0.729152,2897
1.76838,0.422384,5.29971,0.041561,0.920776,23.9499,0.70763,2919
2.05454,0.468314,5.18086,0.055042,1.19442,15.3215,0.615222,2944
1.62365,0.433126,5.24696,0.033851,0.98437,26.5651,0.732257,2958
2.05517,0.432083,5.18219,0.030109,1.17484,16.1198,0.776353,2981
1.67593,0.483888,5.68253,0.029791,0.989262,34.5843,0.775522,2992
2.11339,0.371416,5.26191,0.034872,1.22399,16.7919,0.999722,3012
1.94693,0.468933,5.59531,0.024673,0.966673,32.8814,0.67194,3035
1.92627,0.459019,5.15291,0.049091,1.23949,16.5515,1.02753,3045
1.78898,0.446777,5.70708,0.032633,1.09466,17.226,1.02178,3054
1.67077,0.485088,5.62909,0.035555,0.921863,34.561,0.840115,3065
2.08829,0.489798,5.90587,0.046956,1.23311,19.1029,1.16502,3076
1.95321,0.4078,5.40632,0.044587,0.809898,19.3057,1.06611,3072
2.12314,0.491837,6.01059,0.062135,0.992994,16.5698,1.38148,3087
1.60423,0.308438,4.36314,0.035176,0.97678,17.3855,1.11241,3075
1.948,0.393855,5.49939,0.03692,1.10265,34.8364,0.722356,3084
2.15929,0.372745,4.94356,0.043632,1.24336,18.1604,1.0315,3089
1.90507,0.388278,5.06471,0.039901,1.09383,18.0207,1.04144,3098
2.04911,0.379774,5.82567,0.049325,0.80386,22.2598,1.578,3095
2.02766,0.360981,4.93879,0.031122,1.12237,18.5149,1.2036,3088
1.7762,0.400824,5.1576,0.029612,0.95943,35.3529,0.827548,3095
2.01461,0.401426,4.81279,0.046466,1.25908,16.7834,0.987664,3109
1.98294,0.377497,4.94076,0.039518,1.01322,19.5908,0.962995,3116
2.0008,0.434421,6.06437,0.057834,0.792361,21.8584,1.29237,3133
2.16575,0.383412,5.06801,0.034987,1.18978,17.8583,0.844768,3151
1.83045,0.411464,5.17122,0.0352,0.979241,34.7717,0.970574,3146
1.97158,0.392909,4.87431,0.036885,1.23736,18.1176,1.07863,3155
1.70998,0.41935,5.01774,0.047609,1.06755,18.5934,0.961383,3161
2.0779,0.457574,6.625,0.054353,0.823706,28.0708,1.48655,3153
2.00522,0.411734,5.30164,0.032864,1.15142,17.4152,0.877141,3190
1.70219,0.404928,5.56453,0.025098,0.862662,26.9552,1.12939,3196
2.28898,0.476973,6.09046,0.054491,0.989048,18.3272,1.47522,3211
1.61093,0.425117,5.3222,0.04319,1.04768,17.7976,1.12175,3211
1.65504,0.498782,5.6717,0.035351,0.956893,35.2124,1.03338,3216
2.38576,0.555651,5.77415,0.044976,1.23893,19.6364,1.37035,3206
1.59641,0.46317,5.32465,0.033987,1.12923,19.7624,1.22735,3214
1.66834,0.430407,5.23209,0.030938,1.17573,20.0937,1.3781,3206
2.17186,0.500113,6.12323,0.032127,1.06678,17.3638,1.24168,3198
1.74129,0.307055,5.99092,0.034215,0.970034,36.6699,1.53173,3216
1.78008,0.363286,4.695,0.046305,1.03459,17.6622,1.19557,3215
1.64136,0.394352,5.29848,0.034911,1.10613,18.9376,1.52881,3204
1.91874,0.429763,5.21421,0.032694,1.12035,17.8649,1.24591,3216
2.19346,0.396479,5.15181,0.030805,1.09842,17.8072,1.15159,3221
2.15533,0.462,6.75185,0.054975,0.850624,33.3386,1.40892,3232
1.95628,0.458452,6.02505,0.025287,1.08093,18.2181,1.16565,3249
2.09865,0.368292,4.98709,0.041471,0.98308,17.5662,1.20038,3249
2.11275,0.363846,4.73649,0.040721,1.02344,17.5584,1.16299,3249
1.6531,0.457681,5.67727,0.032904,1.07794,29.1456,1.16935,3257
2.32994,0.445038,5.79955,0.042849,1.38047,19.1707,1.45281,3236
1.8479,0.459263,5.44358,0.032702,1.13046,17.8091,1.28683,3239
2.25244,0.393135,5.02679,0.033696,1.13248,17.5482,1.40918,3242
1.75081,0.452584,5.35119,0.03269,1.00813,17.9653,1.40213,3234
1.71878,0.399148,5.16817,0.03256,0.955997,35.7591,1.03893,3249
2.3226,0.477453,5.89593,0.045352,1.25961,18.8528,1.45632,3248
1.7006,0.406672,4.94293,0.03224,0.989228,17.3141,1.38365,3257
1.89505,0.398134,4.93395,0.033809,1.04026,16.956,1.58191,3232
1.93043,0.435691,5.54985,0.035015,0.983177,18.0611,1.45863,3241
1.95664,0.455486,5.54694,0.03305,1.10713,34.524,1.17377,3232
2.3075,0.461284,6.00747,0.040701,1.22772,17.5781,0.986913,3258
2.23245,0.40832,5.20372,0.039707,1.01556,17.1992,1.31033,3240
1.83158,0.497918,5.56347,0.037804,1.03958,19.9557,1.38299,3237
2.2125,0.47337,5.71744,0.036454,0.995864,19.5754,1.30466,3232
1.72164,0.534654,5.70057,0.023071,1.03411,35.1038,1.08759,3242
2.3357,0.486456,5.9401,0.045515,1.31476,19.6834,1.15239,3257
1.78155,0.486181,5.38228,0.034432,1.07828,17.3919,1.32095,3276
1.86029,0.420824,4.86787,0.030517,1.08412,17.9094,1.23493,3276
1.70311,0.379933,4.97108,0.03324,0.975706,17.6353,1.05615,3281
1.80163,0.427249,5.56933,0.035291,0.992526,32.0395,1.30725,3284
2.44323,0.44226,5.95168,0.041708,1.37112,18.6084,1.14638,3282
2.00072,0.458597,5.54344,0.036378,0.985619,20.3013,1.26115,3282
2.12875,0.498691,6.05915,0.033974,1.22684,17.3584,1.38973,3289
1.78491,0.378089,4.9043,0.034021,1.21157,34.563,1.0225,3299
2.4289,0.447089,6.0175,0.054886,1.24547,19.5658,1.29919,3291
1.73223,0.524709,6.1514,0.033155,1.31861,19.6162,1.48026,3292
1.85911,0.424082,5.59683,0.040674,1.40178,17.4911,1.54346,3286
1.95257,0.384521,4.98282,0.03661,1.20964,17.9581,1.25782,3284
1.73953,0.37739,5.02446,0.035426,1.01683,34.4665,1.21588,3295
2.35244,0.501786,6.16148,0.044982,1.2934,19.0963,1.11245,3295
2.112,0.522127,6.17918,0.037183,1.0142,19.5215,1.56364,3295
1.8698,0.3541,4.86192,0.046279,1.12361,20.2205,1.21699,3308
1.83297,0.39389,5.46072,0.033315,1.07741,35.8779,1.06813,3312
2.24939,0.432261,5.70687,0.04601,1.28466,18.7779,1.42597,3309
1.76837,0.492209,6.04256,0.034471,1.31393,18.9227,1.4962,3291
1.96494,0.452088,5.58638,0.033924,1.06024,21.5392,1.22845,3314
2.10145,0.43826,6.70165,0.058609,0.820889,22.3628,1.91118,3302
1.86118,0.4032,4.96497,0.037951,1.03847,17.3853,1.64143,3287
1.86123,0.456584,5.52099,0.059477,0.96055,17.9438,1.28165,3280
1.96022,0.456694,5.60748,0.036822,1.09467,18.0717,1.21931,3283
2.35762,0.429001,5.66455,0.057015,1.05347,36.1255,1.33928,3283
2.37324,0.449516,5.95186,0.058717,1.41708,18.539,1.4532,3273
2.3954,0.435244,5.20839,0.03565,1.07048,17.9196,1.45838,3254
2.00271,0.574788,6.34202,0.029189,1.27037,34.0421,1.42181,3244
2.38447,0.478575,5.97827,0.044984,1.36803,20.1879,1.17611,3261
2.10658,0.523969,5.95178,0.035513,1.17856,18.2339,1.23639,3262
1.96383,0.41474,5.19479,0.033126,0.999564,33.1428,1.36289,3264
2.31526,0.510532,6.1782,0.043911,1.3813,18.1342,1.51764,3240
1.85558,0.390359,5.58519,0.033532,1.06232,18.3834,1.33417,3230
2.20493,0.403,5.28902,0.03946,1.06268,17.6618,1.19706,3238
1.96741,0.386827,5.19791,0.239326,0.8755,17.6062,1.40037,3226
1.76742,0.387451,5.93942,0.032698,1.33051,38.3663,1.85998,3214
1.82715,0.508194,5.81254,0.040437,1.02028,18.3453,1.30035,3221
1.8309,0.438417,5.63981,0.032655,1.09888,18.6307,1.40012,3212
2.31964,0.535982,6.19635,0.030178,1.26989,19.5618,1.25598,3215
1.82055,0.337908,6.28121,0.033332,1.081,30.3578,1.54664,3212
1.80069,0.533538,6.67457,0.029421,1.26238,17.809,1.5484,3227
1.81458,0.373277,5.14359,0.030983,1.04797,17.0825,1.45784,3223
2.51608,0.39661,5.80113,0.034797,0.933487,18.1302,1.52991,3207
1.90468,0.373322,4.96774,0.023105,0.820886,21.7232,0.978017,3213
2.149,0.35929,6.50871,0.056232,0.888661,23.6857,1.55173,3221
1.68434,0.442695,5.65078,0.029767,0.885048,17.0871,1.55818,3201
1.81664,0.449616,5.89831,0.033747,1.12956,19.8154,1.32182,3202
1.75076,0.463924,5.57995,0.036046,1.10041,22.1808,1.09627,3208
2.38875,0.655689,6.88481,0.058753,0.981838,19.6404,1.52328,3202
1.94374,0.492657,6.53761,0.0442,1.22835,18.9722,1.3051,3210
1.79868,0.527733,6.47823,0.038566,1.14593,20.2327,1.20884,3222
2.08169,0.45779,6.05074,0.037299,1.03769,35.4636,1.18785,3218
1.83817,0.42026,5.5955,0.044081,1.00868,17.5821,1.45528,3219
2.06389,0.478523,5.92589,0.036004,1.0584,17.7774,1.15403,3224
1.85615,0.418071,4.20805,0.035974,1.08744,17.884,1.54042,3221
0.657561,3.03579,16.1366,0,0,4.12922,0,0
0.966991,0.369617,4.35347,0.05222,0.255695,4.98344,9.9e-05,422
0.987216,0.31677,3.69735,0.054954,0.27973,5.70322,9.8e-05,528
1.01283,0.263133,3.40077,0.046707,0.307156,6.34509,0.000121,613
1.02044,0.297662,3.60035,0.053817,0.333021,7.09135,0.000154,705
1.02082,0.325628,3.80374,0.053813,0.349913,7.7322,0.00012,796
1.04068,0.368879,4.20007,0.060667,0.370022,8.44884,0.00015,884
1.04688,0.372724,3.40939,0.055333,0.393923,2.88406,0.000135,986
1.01986,0.356698,3.2628,0.028926,0.479498,10.3565,0.000112,1080
1.06433,0.322547,4.3744,0.048524,0.485999,11.288,0.000128,1171
1.08046,0.327617,4.18934,0.048823,0.461184,12.1345,0.000148,1269
1.09676,0.347604,4.52762,0.060795,0.477984,13.0827,0.000144,1358
1.10374,0.416603,5.04486,0.056097,0.507417,14.0831,0.000139,1446
1.12105,0.374222,4.89043,0.047951,0.543444,14.909,0.000131,1553
1.11892,0.412898,4.33428,0.048212,0.56049,4.68813,0.000169,1645
0.90667,0.315205,4.87796,0.153843,0.540474,16.8677,0.00015,1744
1.15885,0.351752,5.01594,0.053326,0.602269,17.7361,0.000152,1836
1.16529,0.321054,4.73982,0.049204,0.630074,18.597,0.000156,1930
1.21028,0.435204,5.74895,0.057886,0.638997,19.2759,0.00016,2021
1.19721,0.342739,5.23863,0.05209,0.660095,7.04651,0.000223,2127
1.3274,0.288676,4.40729,0.035174,0.753498,21.0978,0.000157,2213
1.88555,0.341769,5.27366,0.052902,0.713727,21.9249,0.000157,2305
2.01299,0.357281,5.13061,0.053702,0.743167,23.1137,0.000163,2399
2.01644,0.341134,5.43988,0.049267,0.757505,23.9788,0.000181,2492
2.05427,0.47394,4.78752,0.053983,0.789636,17.9169,0.000172,2577
2.02991,0.351545,5.38172,0.054191,0.807137,25.7065,0.00021,2672
2.07751,0.408966,5.61849,0.055146,0.827549,26.7888,0.000172,2756
2.08362,0.368518,6.06651,0.053923,0.859169,27.7157,0.000164,2850
2.0733,0.390128,5.46489,0.05467,0.873465,18.8034,0.000156,2943
2.10138,0.351215,5.9102,0.051745,0.895967,29.468,0.000181,3035
2.17427,0.452033,6.82366,0.052883,0.926321,30.5826,0.000203,3126
2.15007,0.412963,6.72126,0.057943,0.940597,31.4149,0.000202,3225
1.81338,0.367841,4.89565,0.160769,1.26678,32.469,0.000206,3323
2.21659,0.408667,7.04383,0.060034,1.00297,33.4695,0.00019,3411
2.14993,0.333012,5.83851,0.056918,1.02818,34.5945,0.000176,3513
2.1824,0.383864,6.2349,0.055844,1.02848,24.1313,0.000152,3598
2.19118,0.38395,6.31552,0.059244,1.05657,36.613,0.000176,3692
2.23441,0.398687,7.05458,0.056423,1.08372,37.6406,0.000198,3768
2.22099,0.371829,6.58207,0.056432,1.1033,23.3053,0.000323,3876
2.20218,0.391764,6.78425,0.064352,1.09796,39.4745,0.000235,3963
2.21542,0.403033,7.14509,0.063508,1.13033,40.5593,0.000218,4053
2.33434,0.471841,7.47535,0.063743,1.16107,34.0651,0.000183,4147
2.27112,0.40074,7.50101,0.056534,1.18721,42.4316,0.000187,4247
2.30936,0.402429,7.69751,0.056028,1.20202,43.5865,0.000195,4342
2.29942,0.414364,6.4283,0.065534,1.19966,44.7818,0.00019,4432
2.3073,0.404763,9.00565,0.063029,1.24402,89.7392,0.000186,4529
2.30704,0.398714,7.63081,0.064209,1.26885,70.5276,0.000207,4618
2.34551,0.415142,8.25451,0.058415,1.29635,93.8357,0.0002,4704
2.3399,0.365251,7.47696,0.064312,1.35521,74.5228,0.00019,4808
2.39557,0.417332,8.5535,0.056797,1.35335,97.6139,0.000199,4897
2.35295,0.391689,8.38135,0.059485,1.35974,80.2907,0.000201,4998
2.17167,0.432398,8.9555,0.055149,1.1141,102.442,0.000197,5097
2.41536,0.461048,8.55038,0.063107,1.39158,84.1022,0.000216,5188
2.4185,0.423761,8.94159,0.055034,1.41559,105.666,0.000254,5285
2.42169,0.44794,8.95425,0.061838,1.462,88.7166,0.000212,5373
2.50483,0.414982,9.32399,0.060932,1.49626,109.907,0.000203,5481
2.43796,0.378069,8.69879,0.061243,1.50907,100.273,0.000185,5563
2.46033,0.402853,9.05674,0.061711,1.54328,114.602,0.000253,5661
2.40701,0.348039,7.26676,0.066614,1.55115,111.889,0.000206,5744
2.49559,0.386038,9.10077,0.058175,1.56005,119.113,0.000228,5827
2.5104,0.418831,7.99285,0.059093,1.60675,121.684,0.000188,5917
2.52614,0.355179,8.91937,0.060365,1.62322,124.203,0.000224,6008
2.46404,0.313049,7.35682,0.064983,1.81381,126.408,0.000185,6094
2.53551,0.359711,8.18863,0.061159,1.6165,123.362,0.000285,6170
2.33743,0.296439,7.37868,0.044529,1.61382,130.948,0.000204,6251
2.5269,0.417183,8.94603,0.062588,1.65757,116.282,0.000248,6346
2.55383,0.367462,9.2866,0.069845,1.6807,136.666,0.000236,6429
2.57273,0.41805,9.02067,0.063583,1.69035,137.063,0.000207,6527
2.70702,0.377907,9.49683,0.06285,1.73689,142.772,0.000204,6617
2.97022,0.33339,8.12933,0.054194,1.89685,145.26,0.00023,6701
2.68304,0.345509,8.89919,0.063141,1.76816,129.957,0.000199,6794
2.67818,0.334435,8.70213,0.071889,1.78888,150.938,0.000249,6878
2.7848,0.473461,9.2741,0.071416,1.79357,153.963,0.000243,6956
2.87133,0.427317,11.0124,0.074038,1.76194,144.41,0.000242,7064
3.07993,0.380056,10.7181,0.07112,1.86342,186.425,0.000204,7155
3.15949,0.367637,10.6449,0.074264,1.86617,190.598,0.000246,7255
3.0888,0.398096,10.8764,0.070887,1.89874,193.144,0.000208,7334
2.79436,0.408921,11.0725,0.064734,1.87715,195.769,0.000268,7428
3.21873,0.485278,11.8363,0.06729,1.91892,199.676,0.000237,7515
3.14885,0.382619,10.7078,0.071275,1.96743,202.408,0.000254,7619
3.20924,0.37824,10.6126,0.063817,1.97803,206.871,0.00024,7706
3.16271,0.492148,13.0989,0.076472,1.98357,210.795,0.000323,7791
3.27316,0.37713,11.4449,0.063435,2.00399,215.182,0.000261,7901
3.31245,0.359807,10.8041,0.064018,2.06034,218.4,0.000241,7992
3.55649,0.419708,12.1198,0.079181,2.0809,221.957,0.000287,8078
3.91084,0.448693,12.3032,0.072859,2.10547,218.546,0.000222,8177
4.21307,0.415074,11.8138,0.070055,2.07614,230.915,0.000252,8272
4.01306,0.458294,12.505,0.070391,2.0675,234.946,0.000233,8367
4.27436,0.429888,12.5421,0.069588,2.12713,237.72,0.000237,8471
4.36506,0.393069,11.9503,0.070562,2.15168,242.588,0.000239,8558
3.95012,0.397819,11.6438,0.075797,2.11898,247.121,0.000234,8644
4.09237,0.407367,11.3251,0.071687,2.2009,249.851,0.000219,8741
4.14458,0.399649,12.0622,0.067989,2.1447,255.022,0.000246,8829
4.31663,0.406463,12.2805,0.069648,2.23415,258.139,0.000266,8924
4.34933,0.374266,11.4193,0.074307,2.25475,262.673,0.000271,9025
4.44403,0.458103,13.4086,0.074769,2.27774,294.019,19.0718,8843
4.31975,0.470117,13.0748,0.078284,2.31376,291.253,5.73725,8853
4.48104,0.450369,12.9137,0.073496,2.2875,289.357,4.84317,8860
4.23735,0.408581,11.7004,0.076812,2.32326,282.321,3.96191,8875
4.07491,0.43147,12.1909,0.074018,2.34757,290.912,4.52854,8869
4.21796,0.47566,13.4037,0.071078,1.72994,289.687,4.73477,8885
4.51894,0.493309,13.6268,0.071631,2.30819,289.687,5.84576,8883
4.40375,0.427103,13.0164,0.069521,2.31693,290.515,4.54549,8899
4.17936,0.424471,12.1655,0.057183,1.91531,289.989,4.47819,8900
4.27713,0.494277,12.877,0.063296,1.92605,291.299,4.74309,8902
4.45783,0.492334,13.5152,0.081976,2.32772,290.558,4.59338,8908
4.24645,0.493522,13.0878,0.0794,2.34282,292.768,4.86883,8918
4.17792,0.459606,13.2748,0.063507,1.87539,292.256,5.72508,8917
4.18859,0.444376,12.002,0.066241,1.93983,291.735,5.06651,8929
4.30963,0.463915,12.1097,0.082921,2.15819,292.116,5.40744,8918
4.23822,0.416907,12.324,0.072826,2.27827,290.96,6.43427,8911
4.39433,0.409866,12.4325,0.069658,2.33244,290.435,4.92801,8912
4.16111,0.407696,12.2946,0.063211,1.93838,291.259,4.30478,8911
4.51909,0.472101,13.146,0.080999,2.37092,290.934,6.00261,8903
4.34069,0.454882,13.5493,0.067257,2.35533,291.663,4.64737,8910
4.16846,0.390007,12.0657,0.06836,1.97511,291.005,4.67056,8927
4.14626,0.416641,12.5069,0.064953,2.36044,291.794,4.77402,8918
4.52259,0.478283,13.1246,0.06869,2.36604,288.924,5.98861,8920
4.15031,0.440277,13.2114,0.077397,2.34685,291.06,5.68722,8922
4.08423,0.426709,12.6713,0.069475,1.96039,290.614,5.31822,8920
4.45953,0.409473,12.0052,0.075074,2.35762,292.524,5.32789,8937
4.41829,0.459113,13.4379,0.071807,2.38504,291.141,5.27336,8928
4.34987,0.492063,13.9161,0.071295,2.33501,292.581,5.13637,8936
4.18584,0.392889,11.6364,0.077012,2.31217,291.828,5.70222,8947
4.29759,0.416676,12.3578,0.068364,2.34905,290.218,5.70224,8943
4.29126,0.421873,12.022,0.084895,2.31628,290.261,6.09368,8930
4.15897,0.45222,13.7652,0.069716,1.92169,284.37,5.29877,8916
4.22445,0.439834,12.4904,0.070887,2.24667,290.401,4.96805,8937
4.20825,0.431,12.9431,0.077808,2.34635,287.687,5.63288,8927
4.08609,0.443652,12.2208,0.066038,1.70901,293.013,4.49331,8935
4.23371,0.515062,13.7171,0.079323,2.26165,294.182,4.80358,8928
4.11501,0.470161,13.4472,0.070651,2.20558,295.861,5.30139,8940
4.34702,0.457397,13.1125,0.067465,2.26496,296.417,5.40637,8948
4.09761,0.412481,12.3357,0.068983,1.89909,291.188,4.86568,8950
4.08195,0.431033,12.1269,0.077466,2.23533,296.359,4.77452,8948
4.3564,0.525731,13.897,0.068306,2.3561,291.17,5.36848,8949
4.39646,0.438153,12.5144,0.072243,2.36833,294.385,5.54025,8953
4.36531,0.457688,13.075,0.064728,1.8202,295.507,5.32848,8949
4.34189,0.476099,13.2588,0.076467,2.33825,294.894,5.65358,8954
4.38537,0.46557,13.291,0.076616,2.35582,297.282,5.07785,8959
4.41568,0.414922,13.0395,0.070399,2.26958,296.734,5.81824,8951
4.24125,0.424742,11.9888,0.071138,2.35007,294.503,5.65739,8968
4.13407,0.440015,13.1918,0.069354,1.94925,294.443,5.5363,8953
4.60651,0.503169,14.0595,0.07703,2.36894,295.589,5.10985,8950
4.10367,0.453212,13.1058,0.063659,1.96816,292.408,5.92274,8952
4.15984,0.435904,13.0051,0.064715,1.92987,293.487,5.48933,8955
4.16252,0.477802,13.8251,0.07178,1.92357,294.567,7.00946,8949
4.34894,0.476133,13.9742,0.071066,2.02503,295.204,6.19792,8952
4.3902,0.476623,13.7889,0.074631,2.4664,296.155,5.9644,8967
4.42217,0.422648,12.8471,0.089593,2.45912,294.946,5.74547,8968
4.37095,0.447094,13.9169,0.064985,2.29561,295.091,5.7076,8962
4.20046,0.426836,12.5958,0.076723,2.41046,292.725,5.06186,8962
4.3428,0.414247,12.7121,0.071893,2.40515,296.085,5.25833,8967
4.39767,0.456162,13.455,0.067283,2.39454,296.134,4.32834,8973
4.1492,0.449206,13.0366,0.074125,2.007,297.058,6.23381,8981
4.22863,0.459787,12.8692,0.071155,1.96613,295.641,5.2892,8978
4.55801,0.589645,14.5919,0.068558,2.38829,315.338,4.85185,8987
4.43493,0.452623,13.7582,0.07086,2.32469,297.873,4.51218,9006
4.47753,0.465756,14.0445,0.059559,1.96023,298.788,4.32636,9023
4.41719,0.466018,13.5913,0.069631,2.43097,316.484,4.92923,9033
4.3366,0.462115,13.5634,0.064348,1.89634,316.971,5.02213,9046
4.28042,0.510854,13.7889,0.076057,2.36383,318.279,4.78445,9052
4.27894,0.450051,12.5033,0.073081,2.35877,318.479,5.10687,9063
4.38921,0.382681,12.7863,0.068735,2.41891,320.183,5.97766,9064
4.48517,0.430522,13.433,0.071395,2.37352,320.458,5.04812,9063
4.55811,0.422574,13.0036,0.079315,2.49051,319.597,5.22522,9082
4.50785,0.439089,14.1324,0.065944,2.42884,326.116,4.97713,9089
4.52456,0.407491,12.7804,0.076431,2.51831,313.998,6.98707,9091
4.47571,0.371069,12.2947,0.074996,2.41366,325.112,5.88081,9088
4.53318,0.454324,13.9184,0.073643,2.44395,322.808,5.06194,9076
4.16315,0.355121,11.8902,0.067401,1.89696,323.622,4.98782,9102
4.3329,0.386253,12.8375,0.080766,2.47667,316.668,5.63206,9100
4.42381,0.380514,12.8736,0.066932,2.47572,298.783,5.61337,9101
4.42542,0.399865,13.2213,0.058886,2.27469,303.075,7.46679,9085
4.58004,0.415711,13.252,0.078808,2.41057,303.881,6.22934,9098
4.37233,0.384345,12.5086,0.077098,2.37819,304.003,5.72635,9092
4.27576,0.382809,12.5801,0.067606,2.40518,302.59,6.492,9093
4.39272,0.389982,12.5944,0.070847,2.36927,302.936,5.36289,9084
4.36993,0.393844,12.7691,0.08214,1.9427,302.725,5.94332,9085
4.22773,0.339435,11.704,0.074028,1.88097,303.684,5.47365,9084
4.35596,0.427093,13.1121,0.064435,1.84316,300.811,6.13951,9064
4.49416,0.453243,14.3407,0.069398,1.91653,297.701,5.33913,9071
4.69932,0.546952,15.2676,0.08081,2.29559,297.697,5.69199,9086
4.32541,0.392686,12.5112,0.07666,2.26588,302.366,5.40731,9101
4.50987,0.444701,13.8232,0.067043,2.39072,303.108,4.7147,9109
4.39574,0.423611,13.9137,0.068777,1.7973,300.577,4.91025,9113
4.31682,0.393797,13.2634,0.066605,2.33004,300.979,4.84772,9126
4.56299,0.467765,14.2989,0.078547,2.35667,301.333,5.01575,9120
4.32661,0.422547,13.4724,0.065267,2.27883,300.748,5.17024,9131
4.42282,0.413404,13.0564,0.084702,2.35126,301.52,5.68518,9136
4.48023,0.408838,14.0143,0.076421,2.3981,304.588,5.70808,9135
4.34965,0.421028,13.559,0.076684,2.32274,301.483,7.03356,9127
4.45704,0.375151,12.3797,0.079693,2.38626,300.595,6.82777,9125
4.51807,0.384801,12.6399,0.070045,2.3595,300.828,4.91962,9113
4.42428,0.438922,13.9823,0.082912,2.32061,300.863,5.19892,9109
4.40308,0.478172,14.6965,0.078043,2.38676,300.904,5.94268,9110
4.45304,0.404522,13.4622,0.073497,2.36758,301.183,5.79733,9115
4.23408,0.406498,13.566,0.063541,2.27505,285.97,5.73979,9115
4.54085,0.425727,13.1468,0.069175,2.31554,238.639,5.37303,9099
3.99518,0.354177,11.047,0.07014,1.8042,227.234,4.7253,9107
3.95363,0.353375,11.0024,0.046978,1.72183,226.307,4.68663,9101
3.94039,0.386928,10.63,0.05504,1.72792,223.809,4.95389,9092
4.01022,0.384757,12.3921,0.071802,1.75557,228.299,5.74437,9086
3.74674,0.390397,12.0458,0.036885,1.97292,221.846,4.68966,9079
3.99217,0.350453,11.724,0.062772,1.73048,227.155,4.44104,9078
4.05296,0.405335,12.3162,0.059892,1.73427,226.949,4.40139,9086
3.96876,0.373887,10.8884,0.055776,1.72487,226.984,4.27526,9102
3.99479,0.403323,12.8075,0.059136,1.73833,230.818,5.36154,9095
4.15157,0.405421,12.9783,0.053355,2.30013,226.014,5.10461,9110
4.02437,0.422974,11.5679,0.057475,1.73245,225.779,4.80184,9110
4.0494,0.482244,12.4704,0.056361,1.73778,234.183,4.78601,9082
3.15292,0.33078,10.5416,0.054358,2.26267,234.481,3.84126,9112
3.50328,0.293435,10.3419,0.166727,2.15442,234.09,4.22433,9122
3.1713,0.321351,10.7531,0.053199,2.32769,234.856,4.65576,9114
4.1127,0.448472,11.8395,0.050321,1.73528,234.364,4.4855,9117
4.05857,0.421376,12.4913,0.049957,1.73782,234.839,4.6228,9124
4.34441,0.434503,14.0152,0.055765,1.73869,227.496,5.37147,9127
4.02308,0.420677,12.6835,0.064026,1.72013,225.281,5.04013,9144
4.17502,0.397912,12.6429,0.080872,1.74943,227.641,5.0595,9138
3.99401,0.406175,12.9116,0.066361,1.75821,236.397,3.84485,9151
3.39763,0.325902,11.2874,0.048911,2.33851,236.443,4.1261,9163
4.06369,0.431841,12.7508,0.069053,2.1198,229.849,6.06121,9177
4.19509,0.43393,13.5501,0.052227,1.73574,227.307,4.88503,9175
4.09839,0.388814,12.629,0.062858,1.74503,236.526,4.37843,9183
4.09835,0.444569,12.7496,0.049705,1.74543,236.378,5.0148,9182
4.07646,0.372321,12.1102,0.053796,1.72129,235.084,4.36449,9193
4.12909,0.38979,12.7791,0.050769,1.74789,235.862,5.91558,9186
4.04564,0.386433,12.066,0.072151,1.80847,224.503,4.68634,9191
4.05331,0.367279,12.2378,0.061366,1.74167,235.731,5.71073,9192
3.95302,0.45206,11.5263,0.050579,1.73032,235.802,4.21535,9190
4.25547,0.426207,13.7586,0.056371,1.73135,234.672,4.42902,9201
3.92382,0.328255,11.2469,0.059948,1.83165,236.251,5.19515,9206
4.03779,0.419437,12.4217,0.056609,1.76665,228.248,5.41007,9216
3.92378,0.35644,11.5317,0.060158,1.76266,235.832,4.51002,9217
4.16439,0.422205,13.3543,0.062374,1.748,224.738,5.01111,9209
4.05223,0.463197,13.2965,0.057421,1.76954,236.389,4.808,9210
4.03996,0.394111,12.6916,0.055611,1.74354,231.317,6.35256,9228
4.30465,0.467528,14.1764,0.07605,2.19205,237.205,4.17592,9244
4.33578,0.439702,13.6832,0.070655,2.23089,227.591,5.4147,9249
4.13006,0.38471,12.8821,0.057577,2.0887,237.41,5.14872,9242
4.08263,0.410657,13.1167,0.060076,1.74546,228.492,4.5981,9248
2.23431,0.444787,7.12893,0.053442,0.859841,34.3893,1.05638,3224
2.20066,0.400173,6.37786,0.055486,0.983053,34.0001,1.34482,3221
2.19625,0.336393,6.51544,0.049331,0.995297,34.1996,1.32736,3206
2.21773,0.37397,6.86701,0.050983,1.00609,34.247,1.1606,3208
2.28763,0.379619,6.62786,0.068901,0.975435,34.4968,1.1182,3214
2.25162,0.422663,7.15686,0.063016,1.03686,34.315,0.994844,3222
2.26036,0.402269,6.52036,0.054392,0.996891,34.3011,1.23362,3226
2.2215,0.358757,6.25829,0.053776,1.00791,34.4782,1.01946,3244
2.27284,0.455076,7.02189,0.051875,0.989158,22.8762,1.81895,3223
2.23753,0.344516,6.076,0.066932,0.986781,34.5002,1.28877,3242
2.25982,0.378595,6.52007,0.054481,0.978809,34.2472,1.29306,3238
2.23247,0.368602,6.66801,0.05318,0.990817,34.1649,1.35674,3239
2.23806,0.381982,6.74501,0.055462,1.00933,34.0937,1.24885,3228
2.24281,0.396217,6.64875,0.05578,1.00415,34.1981,1.21422,3241
2.20893,0.365689,6.29527,0.054814,1.00255,34.2555,1.12321,3230
2.26513,0.391289,6.53868,0.054279,0.986728,34.1128,1.58688,3225
2.25653,0.36726,6.39691,0.05767,0.992068,34.7877,1.37355,3197
2.24598,0.377721,6.42464,0.058741,1.0224,34.0366,1.25451,3195
2.19701,0.325049,5.8812,0.067578,1.03913,33.581,1.37359,3194
2.41213,0.471154,5.17213,0.050422,1.44174,30.8647,1.61963,3173
2.25561,0.442519,7.33591,0.051823,0.99707,33.9521,1.25554,3178
2.38361,0.552308,7.79318,0.057038,0.975323,33.818,1.5894,3190
2.26108,0.381717,6.26499,0.056053,0.971051,33.5866,1.45728,3199
2.33152,0.41782,6.82499,0.055255,1.02049,34.0542,1.57894,3194
2.27116,0.404681,7.01452,0.054548,1.02382,33.8941,1.3353,3202
2.25451,0.377728,6.62803,0.062481,0.98212,33.84,1.42659,3211
2.2859,0.45598,7.17177,0.053492,0.988036,34.0423,1.41687,3208
2.16104,0.409356,6.77018,0.053694,0.985625,33.9158,1.46341,3225
2.25258,0.408201,6.74964,0.060451,1.01139,33.7631,1.61448,3215
2.2475,0.399168,7.00067,0.056234,0.972,34.799,1.67263,3212
2.44723,0.417816,7.39258,0.050563,0.999356,38.479,1.32783,3219
2.5584,0.361721,6.70159,0.054201,0.975793,37.6961,1.46968,3227
2.60568,0.381979,6.68252,0.058065,0.980115,28.1398,1.35363,3220
1.91757,0.481641,6.165,0.036989,1.10649,33.6628,1.0026,3233
2.28351,0.563185,6.65767,0.047899,1.25832,28.6121,1.19157,3246
2.38873,0.476285,6.16537,0.056701,1.35534,19.8731,1.46259,3273
2.28087,0.523583,6.35844,0.05642,0.992339,24.1325,1.61923,3269
1.95226,0.422898,6.94444,0.052236,0.825766,28.3464,1.6283,3277
2.22964,0.330201,5.107,0.034351,1.11811,31.4865,1.38306,3277
2.33508,0.473137,5.52711,0.040014,1.31196,31.7681,1.17057,3284
2.36011,0.466361,6.01836,0.051669,1.4148,21.5545,1.46157,3289
2.25758,0.513444,6.36581,0.052877,1.0046,25.8019,1.76807,3290
2.02299,0.29833,6.15698,0.032261,1.12084,31.2416,1.75456,3286
2.00677,0.414942,5.91021,0.038918,1.18945,33.575,1.12376,3296
2.16273,0.454472,5.68621,0.039938,1.38763,24.028,1.38531,3309
2.33461,0.52876,6.67555,0.056623,0.986323,23.9553,1.7082,3299
1.94729,0.338496,6.4099,0.034637,1.05164,31.3912,2.11172,3303
1.71467,0.447669,4.85821,0.057704,1.00411,31.2102,1.41613,3308
2.47237,0.552993,6.66562,0.050537,1.40156,22.3194,1.85247,3276
2.18178,0.444341,6.88257,0.057334,0.865567,30.3089,1.92103,3300
1.85111,0.426662,5.4668,0.032259,1.18925,33.9953,1.11377,3305
2.33107,0.483384,6.30402,0.057696,1.43207,19.143,1.52891,3298
2.32608,0.511399,7.24922,0.047659,0.984039,28.7932,1.8443,3292
2.11491,0.491457,6.01672,0.040624,1.03992,33.5856,1.31743,3290
2.3714,0.521802,6.86652,0.053862,1.41938,19.1881,1.43466,3288
2.10869,0.501919,6.8871,0.051585,0.827642,28.7242,1.72669,3303
2.1423,0.505565,5.74624,0.045983,1.11307,34.1019,1.15116,3299
2.49174,0.494185,6.23584,0.040477,1.3929,18.5124,1.5609,3303
2.1105,0.39069,7.03305,0.053701,0.831993,30.1159,1.76081,3312
2.00465,0.455127,5.46328,0.054651,1.21184,29.956,1.14062,3333
2.44652,0.581635,7.0428,0.063451,1.01752,27.6587,1.64488,3339
2.09268,0.404522,5.50205,0.031139,0.999304,32.8911,1.25587,3341
2.2774,0.509075,6.06087,0.052248,1.37277,20.574,1.63904,3330
2.23545,0.399162,6.54585,0.050322,0.796395,30.0538,1.71334,3340
1.91927,0.475268,5.99909,0.048165,1.19449,32.6854,1.41134,3331
2.51987,0.511066,6.22574,0.047132,1.37416,23.4825,1.68638,3344
2.00329,0.327471,5.64659,0.040426,1.14293,34.3366,1.09313,3354
2.26042,0.479955,6.08264,0.050545,1.42039,23.0363,1.40376,3349
2.35072,0.488788,7.1491,0.054087,0.980559,31.5884,1.58231,3360
1.94321,0.467333,6.11191,0.033423,1.09026,33.7775,1.27369,3378
2.47456,0.525864,6.376,0.057316,1.41361,24.414,1.69675,3380
1.92411,0.34835,5.27665,0.02931,1.38206,33.184,1.40251,3388
2.33813,0.514072,6.12219,0.038398,1.2925,23.279,1.27462,3384
2.29289,0.53211,7.10429,0.048421,1.02867,32.0094,1.91831,3384
1.85724,0.466234,5.85668,0.041568,1.08324,34.008,1.22704,3399
2.29954,0.597996,6.91206,0.037288,1.41812,22.6547,1.8726,3407
1.93773,0.346453,6.14642,0.041836,1.17239,35.2688,1.40605,3408
2.33358,0.470168,6.15398,0.045663,1.31262,25.6857,1.45679,3405
2.43432,0.550519,6.91209,0.059617,1.02588,27.7289,1.78023,3409
